Time(sec),FrameID,FrameType,PacketIndex,TID,AccessCategory,IsAMPDU,AMPDURefNum
3.00474,0,I,0,0,AC_BE,NO,0
3.00861,4294967295,I,0,0,AC_BE,YES,1
3.00904,4294967295,I,1,0,AC_BE,YES,2
3.00937,4294967295,I,2,0,AC_BE,YES,3
3.01124,0,I,0,0,AC_BE,YES,4
3.01161,0,I,1,0,AC_BE,YES,5
3.01196,0,I,2,0,AC_BE,YES,6
3.01233,0,I,3,0,AC_BE,YES,7
3.01269,0,I,4,0,AC_BE,YES,8
3.01306,0,I,5,0,AC_BE,YES,9
3.01351,0,I,6,0,AC_BE,YES,10
3.01385,0,I,7,0,AC_BE,YES,11
3.01429,0,I,8,0,AC_BE,YES,12
3.01468,0,I,9,0,AC_BE,YES,13
3.01508,0,I,10,0,AC_BE,YES,14
3.0154,0,I,11,0,AC_BE,YES,15
3.01581,0,I,12,0,AC_BE,YES,16
3.01623,0,I,13,0,AC_BE,YES,17
3.01662,0,I,14,0,AC_BE,YES,18
3.01705,0,I,15,0,AC_BE,YES,19
3.01748,0,I,16,0,AC_BE,YES,20
3.01783,0,I,17,0,AC_BE,YES,21
3.01826,0,I,18,0,AC_BE,YES,22
3.01868,0,I,19,0,AC_BE,YES,23
3.019,0,I,20,0,AC_BE,YES,24
3.01932,0,I,21,0,AC_BE,YES,25
3.01965,0,I,22,0,AC_BE,YES,26
3.01996,0,I,23,0,AC_BE,YES,27
3.02029,0,I,24,0,AC_BE,YES,28
3.02061,0,I,25,0,AC_BE,YES,29
3.02093,0,I,26,0,AC_BE,YES,30
3.02134,0,I,27,0,AC_BE,YES,31
3.02166,0,I,28,0,AC_BE,YES,32
3.02209,0,I,29,0,AC_BE,YES,33
3.02247,0,I,30,0,AC_BE,YES,34
3.02279,0,I,31,0,AC_BE,YES,35
3.02313,0,I,32,0,AC_BE,YES,36
3.02357,0,I,33,0,AC_BE,YES,37
3.024,0,I,34,0,AC_BE,YES,38
3.02441,0,I,35,0,AC_BE,YES,39
3.02477,0,I,36,0,AC_BE,YES,40
3.0252,0,I,37,0,AC_BE,YES,41
3.02553,0,I,38,0,AC_BE,YES,42
3.02585,0,I,39,0,AC_BE,YES,43
3.02629,0,I,40,0,AC_BE,YES,44
3.02668,0,I,41,0,AC_BE,YES,45
3.02699,0,I,42,0,AC_BE,YES,46
3.02733,0,I,43,0,AC_BE,YES,47
3.02772,0,I,44,0,AC_BE,YES,48
3.02805,0,I,45,0,AC_BE,YES,49
3.02837,0,I,46,0,AC_BE,YES,50
3.02876,0,I,47,0,AC_BE,YES,51
3.02913,0,I,48,0,AC_BE,YES,52
3.02954,0,I,49,0,AC_BE,YES,53
3.04425,1,B,0,0,AC_BE,YES,54
3.04465,1,B,1,0,AC_BE,YES,55
3.04505,1,B,2,0,AC_BE,YES,56
3.0454,1,B,3,0,AC_BE,YES,57
3.04582,1,B,4,0,AC_BE,YES,58
3.07724,2,B,0,0,AC_BE,YES,59
3.0776,2,B,1,0,AC_BE,YES,60
3.07801,2,B,2,0,AC_BE,YES,61
3.08037,2,B,3,0,AC_BE,YES,62
3.08073,2,B,4,0,AC_BE,YES,63
3.11025,3,P,0,0,AC_BE,YES,64
3.11066,3,P,1,0,AC_BE,YES,65
3.11104,3,P,2,0,AC_BE,YES,66
3.11141,3,P,3,0,AC_BE,YES,67
3.11173,3,P,4,0,AC_BE,YES,68
3.11208,3,P,5,0,AC_BE,YES,69
3.11249,3,P,6,0,AC_BE,YES,70
3.1129,3,P,7,0,AC_BE,YES,71
3.11327,3,P,8,0,AC_BE,YES,72
3.1137,3,P,9,0,AC_BE,YES,73
3.11415,3,P,10,0,AC_BE,YES,74
3.11447,3,P,11,0,AC_BE,YES,75
3.11482,3,P,12,0,AC_BE,YES,76
3.11516,3,P,13,0,AC_BE,YES,77
3.11554,3,P,14,0,AC_BE,YES,78
3.11588,3,P,15,0,AC_BE,YES,79
3.11625,3,P,16,0,AC_BE,YES,80
3.11662,3,P,17,0,AC_BE,YES,81
3.11702,3,P,18,0,AC_BE,YES,82
3.11744,3,P,19,0,AC_BE,YES,83
3.11776,3,P,20,0,AC_BE,YES,84
3.11817,3,P,21,0,AC_BE,YES,85
3.11855,3,P,22,0,AC_BE,YES,86
3.1189,3,P,23,0,AC_BE,YES,87
3.11933,3,P,24,0,AC_BE,YES,88
3.11974,3,P,25,0,AC_BE,YES,89
3.12008,3,P,26,0,AC_BE,YES,90
3.12042,3,P,27,0,AC_BE,YES,91
3.12076,3,P,28,0,AC_BE,YES,92
3.12118,3,P,29,0,AC_BE,YES,93
3.14325,4,B,0,0,AC_BE,YES,94
3.14363,4,B,1,0,AC_BE,YES,95
3.14402,4,B,2,0,AC_BE,YES,96
3.14444,4,B,3,0,AC_BE,YES,97
3.14487,4,B,4,0,AC_BE,YES,98
3.17624,5,B,0,0,AC_BE,YES,99
3.17659,5,B,1,0,AC_BE,YES,100
3.17699,5,B,2,0,AC_BE,YES,101
3.17743,5,B,3,0,AC_BE,YES,102
3.17787,5,B,4,0,AC_BE,YES,103
3.20925,6,P,0,0,AC_BE,YES,104
3.20966,6,P,1,0,AC_BE,YES,105
3.21002,6,P,2,0,AC_BE,YES,106
3.21039,6,P,3,0,AC_BE,YES,107
3.21073,6,P,4,0,AC_BE,YES,108
3.21107,6,P,5,0,AC_BE,YES,109
3.21145,6,P,6,0,AC_BE,YES,110
3.21189,6,P,7,0,AC_BE,YES,111
3.21228,6,P,8,0,AC_BE,YES,112
3.21259,6,P,9,0,AC_BE,YES,113
3.21293,6,P,10,0,AC_BE,YES,114
3.21329,6,P,11,0,AC_BE,YES,115
3.21365,6,P,12,0,AC_BE,YES,116
3.21409,6,P,13,0,AC_BE,YES,117
3.21442,6,P,14,0,AC_BE,YES,118
3.21477,6,P,15,0,AC_BE,YES,119
3.21518,6,P,16,0,AC_BE,YES,120
3.21551,6,P,17,0,AC_BE,YES,121
3.21589,6,P,18,0,AC_BE,YES,122
3.2163,6,P,19,0,AC_BE,YES,123
3.21672,6,P,20,0,AC_BE,YES,124
3.21709,6,P,21,0,AC_BE,YES,125
3.21745,6,P,22,0,AC_BE,YES,126
3.21785,6,P,23,0,AC_BE,YES,127
3.2182,6,P,24,0,AC_BE,YES,128
3.21862,6,P,25,0,AC_BE,YES,129
3.21896,6,P,26,0,AC_BE,YES,130
3.21936,6,P,27,0,AC_BE,YES,131
3.21979,6,P,28,0,AC_BE,YES,132
3.22014,6,P,29,0,AC_BE,YES,133
3.24224,7,B,0,0,AC_BE,YES,134
3.24256,7,B,1,0,AC_BE,YES,135
3.243,7,B,2,0,AC_BE,YES,136
3.24335,7,B,3,0,AC_BE,YES,137
3.24371,7,B,4,0,AC_BE,YES,138
3.27525,8,B,0,0,AC_BE,YES,139
3.27556,8,B,1,0,AC_BE,YES,140
3.27589,8,B,2,0,AC_BE,YES,141
3.27625,8,B,3,0,AC_BE,YES,142
3.27665,8,B,4,0,AC_BE,YES,143
3.30825,9,P,0,0,AC_BE,YES,144
3.30868,9,P,1,0,AC_BE,YES,145
3.309,9,P,2,0,AC_BE,YES,146
3.30933,9,P,3,0,AC_BE,YES,147
3.30964,9,P,4,0,AC_BE,YES,148
3.31008,9,P,5,0,AC_BE,YES,149
3.31052,9,P,6,0,AC_BE,YES,150
3.3109,9,P,7,0,AC_BE,YES,151
3.31127,9,P,8,0,AC_BE,YES,152
3.31158,9,P,9,0,AC_BE,YES,153
3.31199,9,P,10,0,AC_BE,YES,154
3.31236,9,P,11,0,AC_BE,YES,155
3.31277,9,P,12,0,AC_BE,YES,156
3.31316,9,P,13,0,AC_BE,YES,157
3.3136,9,P,14,0,AC_BE,YES,158
3.31394,9,P,15,0,AC_BE,YES,159
3.31435,9,P,16,0,AC_BE,YES,160
3.31472,9,P,17,0,AC_BE,YES,161
3.31504,9,P,18,0,AC_BE,YES,162
3.31543,9,P,19,0,AC_BE,YES,163
3.31584,9,P,20,0,AC_BE,YES,164
3.31621,9,P,21,0,AC_BE,YES,165
3.31664,9,P,22,0,AC_BE,YES,166
3.317,9,P,23,0,AC_BE,YES,167
3.31736,9,P,24,0,AC_BE,YES,168
3.31775,9,P,25,0,AC_BE,YES,169
3.31806,9,P,26,0,AC_BE,YES,170
3.31841,9,P,27,0,AC_BE,YES,171
3.31885,9,P,28,0,AC_BE,YES,172
3.31919,9,P,29,0,AC_BE,YES,173
3.34124,10,B,0,0,AC_BE,YES,174
3.34162,10,B,1,0,AC_BE,YES,175
3.34199,10,B,2,0,AC_BE,YES,176
3.34231,10,B,3,0,AC_BE,YES,177
3.3427,10,B,4,0,AC_BE,YES,178
3.37424,11,B,0,0,AC_BE,YES,179
3.37464,11,B,1,0,AC_BE,YES,180
3.37505,11,B,2,0,AC_BE,YES,181
3.37544,11,B,3,0,AC_BE,YES,182
3.37588,11,B,4,0,AC_BE,YES,183
3.40725,12,P,0,0,AC_BE,YES,184
3.40757,12,P,1,0,AC_BE,YES,185
3.40799,12,P,2,0,AC_BE,YES,186
3.40839,12,P,3,0,AC_BE,YES,187
3.4088,12,P,4,0,AC_BE,YES,188
3.40913,12,P,5,0,AC_BE,YES,189
3.40948,12,P,6,0,AC_BE,YES,190
3.40986,12,P,7,0,AC_BE,YES,191
3.4102,12,P,8,0,AC_BE,YES,192
3.41051,12,P,9,0,AC_BE,YES,193
3.41094,12,P,10,0,AC_BE,YES,194
3.41132,12,P,11,0,AC_BE,YES,195
3.41164,12,P,12,0,AC_BE,YES,196
3.41207,12,P,13,0,AC_BE,YES,197
3.4125,12,P,14,0,AC_BE,YES,198
3.41288,12,P,15,0,AC_BE,YES,199
3.4132,12,P,16,0,AC_BE,YES,200
3.41362,12,P,17,0,AC_BE,YES,201
3.41398,12,P,18,0,AC_BE,YES,202
3.41429,12,P,19,0,AC_BE,YES,203
3.4147,12,P,20,0,AC_BE,YES,204
3.41502,12,P,21,0,AC_BE,YES,205
3.41542,12,P,22,0,AC_BE,YES,206
3.41574,12,P,23,0,AC_BE,YES,207
3.41615,12,P,24,0,AC_BE,YES,208
3.41651,12,P,25,0,AC_BE,YES,209
3.41691,12,P,26,0,AC_BE,YES,210
3.41728,12,P,27,0,AC_BE,YES,211
3.41768,12,P,28,0,AC_BE,YES,212
3.41805,12,P,29,0,AC_BE,YES,213
3.44025,13,B,0,0,AC_BE,YES,214
3.44058,13,B,1,0,AC_BE,YES,215
3.44098,13,B,2,0,AC_BE,YES,216
3.44133,13,B,3,0,AC_BE,YES,217
3.44165,13,B,4,0,AC_BE,YES,218
3.47325,14,B,0,0,AC_BE,YES,219
3.47357,14,B,1,0,AC_BE,YES,220
3.47389,14,B,2,0,AC_BE,YES,221
3.47423,14,B,3,0,AC_BE,YES,222
3.47466,14,B,4,0,AC_BE,YES,223
3.50624,15,P,0,0,AC_BE,YES,224
3.50659,15,P,1,0,AC_BE,YES,225
3.50691,15,P,2,0,AC_BE,YES,226
3.50727,15,P,3,0,AC_BE,YES,227
3.50771,15,P,4,0,AC_BE,YES,228
3.50811,15,P,5,0,AC_BE,YES,229
3.50856,15,P,6,0,AC_BE,YES,230
3.50888,15,P,7,0,AC_BE,YES,231
3.50928,15,P,8,0,AC_BE,YES,232
3.5097,15,P,9,0,AC_BE,YES,233
3.51007,15,P,10,0,AC_BE,YES,234
3.51039,15,P,11,0,AC_BE,YES,235
3.51083,15,P,12,0,AC_BE,YES,236
3.51125,15,P,13,0,AC_BE,YES,237
3.51168,15,P,14,0,AC_BE,YES,238
3.51208,15,P,15,0,AC_BE,YES,239
3.51244,15,P,16,0,AC_BE,YES,240
3.51275,15,P,17,0,AC_BE,YES,241
3.51308,15,P,18,0,AC_BE,YES,242
3.51339,15,P,19,0,AC_BE,YES,243
3.51379,15,P,20,0,AC_BE,YES,244
3.51416,15,P,21,0,AC_BE,YES,245
3.51451,15,P,22,0,AC_BE,YES,246
3.51489,15,P,23,0,AC_BE,YES,247
3.5153,15,P,24,0,AC_BE,YES,248
3.51571,15,P,25,0,AC_BE,YES,249
3.51602,15,P,26,0,AC_BE,YES,250
3.51641,15,P,27,0,AC_BE,YES,251
3.51678,15,P,28,0,AC_BE,YES,252
3.51718,15,P,29,0,AC_BE,YES,253
3.53925,16,B,0,0,AC_BE,YES,254
3.53961,16,B,1,0,AC_BE,YES,255
3.54001,16,B,2,0,AC_BE,YES,256
3.54043,16,B,3,0,AC_BE,YES,257
3.54087,16,B,4,0,AC_BE,YES,258
3.57225,17,B,0,0,AC_BE,YES,259
3.57261,17,B,1,0,AC_BE,YES,260
3.57295,17,B,2,0,AC_BE,YES,261
3.5733,17,B,3,0,AC_BE,YES,262
3.57366,17,B,4,0,AC_BE,YES,263
3.60525,18,P,0,0,AC_BE,YES,264
3.6056,18,P,1,0,AC_BE,YES,265
3.60591,18,P,2,0,AC_BE,YES,266
3.60632,18,P,3,0,AC_BE,YES,267
3.60672,18,P,4,0,AC_BE,YES,268
3.60706,18,P,5,0,AC_BE,YES,269
3.60749,18,P,6,0,AC_BE,YES,270
3.60793,18,P,7,0,AC_BE,YES,271
3.60837,18,P,8,0,AC_BE,YES,272
3.60871,18,P,9,0,AC_BE,YES,273
3.60908,18,P,10,0,AC_BE,YES,274
3.60949,18,P,11,0,AC_BE,YES,275
3.60986,18,P,12,0,AC_BE,YES,276
3.61019,18,P,13,0,AC_BE,YES,277
3.61059,18,P,14,0,AC_BE,YES,278
3.61098,18,P,15,0,AC_BE,YES,279
3.61131,18,P,16,0,AC_BE,YES,280
3.61164,18,P,17,0,AC_BE,YES,281
3.61195,18,P,18,0,AC_BE,YES,282
3.61239,18,P,19,0,AC_BE,YES,283
3.61275,18,P,20,0,AC_BE,YES,284
3.61306,18,P,21,0,AC_BE,YES,285
3.61337,18,P,22,0,AC_BE,YES,286
3.61379,18,P,23,0,AC_BE,YES,287
3.61416,18,P,24,0,AC_BE,YES,288
3.6145,18,P,25,0,AC_BE,YES,289
3.61492,18,P,26,0,AC_BE,YES,290
3.61526,18,P,27,0,AC_BE,YES,291
3.6157,18,P,28,0,AC_BE,YES,292
3.61602,18,P,29,0,AC_BE,YES,293
3.63825,19,B,0,0,AC_BE,YES,294
3.63869,19,B,1,0,AC_BE,YES,295
3.6391,19,B,2,0,AC_BE,YES,296
3.63941,19,B,3,0,AC_BE,YES,297
3.63975,19,B,4,0,AC_BE,YES,298
3.67125,20,B,0,0,AC_BE,YES,299
3.67163,20,B,1,0,AC_BE,YES,300
3.67202,20,B,2,0,AC_BE,YES,301
3.67242,20,B,3,0,AC_BE,YES,302
3.67285,20,B,4,0,AC_BE,YES,303
3.70425,21,P,0,0,AC_BE,YES,304
3.70464,21,P,1,0,AC_BE,YES,305
3.70497,21,P,2,0,AC_BE,YES,306
3.70536,21,P,3,0,AC_BE,YES,307
3.70574,21,P,4,0,AC_BE,YES,308
3.70615,21,P,5,0,AC_BE,YES,309
3.70654,21,P,6,0,AC_BE,YES,310
3.70689,21,P,7,0,AC_BE,YES,311
3.70733,21,P,8,0,AC_BE,YES,312
3.70766,21,P,9,0,AC_BE,YES,313
3.70798,21,P,10,0,AC_BE,YES,314
3.70837,21,P,11,0,AC_BE,YES,315
3.70882,21,P,12,0,AC_BE,YES,316
3.70913,21,P,13,0,AC_BE,YES,317
3.70947,21,P,14,0,AC_BE,YES,318
3.7099,21,P,15,0,AC_BE,YES,319
3.71023,21,P,16,0,AC_BE,YES,320
3.71057,21,P,17,0,AC_BE,YES,321
3.7109,21,P,18,0,AC_BE,YES,322
3.71125,21,P,19,0,AC_BE,YES,323
3.71165,21,P,20,0,AC_BE,YES,324
3.71198,21,P,21,0,AC_BE,YES,325
3.71229,21,P,22,0,AC_BE,YES,326
3.71269,21,P,23,0,AC_BE,YES,327
3.71312,21,P,24,0,AC_BE,YES,328
3.71345,21,P,25,0,AC_BE,YES,329
3.7138,21,P,26,0,AC_BE,YES,330
3.71422,21,P,27,0,AC_BE,YES,331
3.71467,21,P,28,0,AC_BE,YES,332
3.715,21,P,29,0,AC_BE,YES,333
3.73724,22,B,0,0,AC_BE,YES,334
3.73759,22,B,1,0,AC_BE,YES,335
3.73799,22,B,2,0,AC_BE,YES,336
3.73841,22,B,3,0,AC_BE,YES,337
3.73885,22,B,4,0,AC_BE,YES,338
3.77024,23,B,0,0,AC_BE,YES,339
3.77057,23,B,1,0,AC_BE,YES,340
3.77101,23,B,2,0,AC_BE,YES,341
3.77144,23,B,3,0,AC_BE,YES,342
3.77179,23,B,4,0,AC_BE,YES,343
3.80325,24,P,0,0,AC_BE,YES,344
3.80368,24,P,1,0,AC_BE,YES,345
3.80413,24,P,2,0,AC_BE,YES,346
3.8045,24,P,3,0,AC_BE,YES,347
3.80487,24,P,4,0,AC_BE,YES,348
3.80518,24,P,5,0,AC_BE,YES,349
3.8056,24,P,6,0,AC_BE,YES,350
3.80605,24,P,7,0,AC_BE,YES,351
3.80636,24,P,8,0,AC_BE,YES,352
3.80674,24,P,9,0,AC_BE,YES,353
3.80711,24,P,10,0,AC_BE,YES,354
3.80751,24,P,11,0,AC_BE,YES,355
3.80792,24,P,12,0,AC_BE,YES,356
3.80824,24,P,13,0,AC_BE,YES,357
3.80858,24,P,14,0,AC_BE,YES,358
3.80901,24,P,15,0,AC_BE,YES,359
3.80933,24,P,16,0,AC_BE,YES,360
3.80972,24,P,17,0,AC_BE,YES,361
3.81011,24,P,18,0,AC_BE,YES,362
3.81045,24,P,19,0,AC_BE,YES,363
3.81085,24,P,20,0,AC_BE,YES,364
3.81127,24,P,21,0,AC_BE,YES,365
3.8117,24,P,22,0,AC_BE,YES,366
3.81211,24,P,23,0,AC_BE,YES,367
3.81242,24,P,24,0,AC_BE,YES,368
3.81282,24,P,25,0,AC_BE,YES,369
3.81325,24,P,26,0,AC_BE,YES,370
3.81363,24,P,27,0,AC_BE,YES,371
3.81394,24,P,28,0,AC_BE,YES,372
3.81428,24,P,29,0,AC_BE,YES,373
3.83625,25,B,0,0,AC_BE,YES,374
3.83658,25,B,1,0,AC_BE,YES,375
3.83703,25,B,2,0,AC_BE,YES,376
3.83739,25,B,3,0,AC_BE,YES,377
3.83776,25,B,4,0,AC_BE,YES,378
3.86924,26,B,0,0,AC_BE,YES,379
3.86955,26,B,1,0,AC_BE,YES,380
3.86998,26,B,2,0,AC_BE,YES,381
3.87033,26,B,3,0,AC_BE,YES,382
3.87071,26,B,4,0,AC_BE,YES,383
3.90224,27,P,0,0,AC_BE,YES,384
3.90266,27,P,1,0,AC_BE,YES,385
3.9031,27,P,2,0,AC_BE,YES,386
3.9035,27,P,3,0,AC_BE,YES,387
3.90393,27,P,4,0,AC_BE,YES,388
3.90434,27,P,5,0,AC_BE,YES,389
3.90467,27,P,6,0,AC_BE,YES,390
3.90501,27,P,7,0,AC_BE,YES,391
3.9054,27,P,8,0,AC_BE,YES,392
3.90583,27,P,9,0,AC_BE,YES,393
3.90618,27,P,10,0,AC_BE,YES,394
3.90659,27,P,11,0,AC_BE,YES,395
3.90704,27,P,12,0,AC_BE,YES,396
3.90736,27,P,13,0,AC_BE,YES,397
3.90775,27,P,14,0,AC_BE,YES,398
3.90818,27,P,15,0,AC_BE,YES,399
3.90858,27,P,16,0,AC_BE,YES,400
3.90894,27,P,17,0,AC_BE,YES,401
3.90927,27,P,18,0,AC_BE,YES,402
3.90959,27,P,19,0,AC_BE,YES,403
3.91002,27,P,20,0,AC_BE,YES,404
3.91043,27,P,21,0,AC_BE,YES,405
3.91085,27,P,22,0,AC_BE,YES,406
3.91124,27,P,23,0,AC_BE,YES,407
3.91162,27,P,24,0,AC_BE,YES,408
3.91198,27,P,25,0,AC_BE,YES,409
3.91238,27,P,26,0,AC_BE,YES,410
3.91277,27,P,27,0,AC_BE,YES,411
3.91317,27,P,28,0,AC_BE,YES,412
3.91356,27,P,29,0,AC_BE,YES,413
3.93525,28,B,0,0,AC_BE,YES,414
3.9356,28,B,1,0,AC_BE,YES,415
3.93592,28,B,2,0,AC_BE,YES,416
3.93624,28,B,3,0,AC_BE,YES,417
3.93662,28,B,4,0,AC_BE,YES,418
3.96825,29,B,0,0,AC_BE,YES,419
3.96866,29,B,1,0,AC_BE,YES,420
3.96903,29,B,2,0,AC_BE,YES,421
3.96946,29,B,3,0,AC_BE,YES,422
3.96991,29,B,4,0,AC_BE,YES,423
4.00169,30,P,0,0,AC_BE,YES,424
4.0021,30,P,1,0,AC_BE,YES,425
4.00244,30,P,2,0,AC_BE,YES,426
4.00275,30,P,3,0,AC_BE,YES,427
4.00306,30,P,4,0,AC_BE,YES,428
4.00344,30,P,5,0,AC_BE,YES,429
4.00381,30,P,6,0,AC_BE,YES,430
4.00422,30,P,7,0,AC_BE,YES,431
4.00466,30,P,8,0,AC_BE,YES,432
4.00504,30,P,9,0,AC_BE,YES,433
4.00537,30,P,10,0,AC_BE,YES,434
4.00577,30,P,11,0,AC_BE,YES,435
4.00616,30,P,12,0,AC_BE,YES,436
4.00653,30,P,13,0,AC_BE,YES,437
4.00697,30,P,14,0,AC_BE,YES,438
4.00741,30,P,15,0,AC_BE,YES,439
4.0078,30,P,16,0,AC_BE,YES,440
4.00812,30,P,17,0,AC_BE,YES,441
4.00854,30,P,18,0,AC_BE,YES,442
4.00896,30,P,19,0,AC_BE,YES,443
4.00936,30,P,20,0,AC_BE,YES,444
4.00981,30,P,21,0,AC_BE,YES,445
4.01018,30,P,22,0,AC_BE,YES,446
4.01061,30,P,23,0,AC_BE,YES,447
4.01106,30,P,24,0,AC_BE,YES,448
4.01141,30,P,25,0,AC_BE,YES,449
4.01184,30,P,26,0,AC_BE,YES,450
4.01218,30,P,27,0,AC_BE,YES,451
4.01251,30,P,28,0,AC_BE,YES,452
4.01286,30,P,29,0,AC_BE,YES,453
4.03425,31,B,0,0,AC_BE,YES,454
4.0346,31,B,1,0,AC_BE,YES,455
4.03492,31,B,2,0,AC_BE,YES,456
4.0353,31,B,3,0,AC_BE,YES,457
4.03572,31,B,4,0,AC_BE,YES,458
4.06725,32,B,0,0,AC_BE,YES,459
4.06759,32,B,1,0,AC_BE,YES,460
4.068,32,B,2,0,AC_BE,YES,461
4.0684,32,B,3,0,AC_BE,YES,462
4.06872,32,B,4,0,AC_BE,YES,463
4.10025,33,P,0,0,AC_BE,YES,464
4.10065,33,P,1,0,AC_BE,YES,465
4.10101,33,P,2,0,AC_BE,YES,466
4.10138,33,P,3,0,AC_BE,YES,467
4.10171,33,P,4,0,AC_BE,YES,468
4.10202,33,P,5,0,AC_BE,YES,469
4.10443,33,P,6,0,AC_BE,YES,470
4.10488,33,P,7,0,AC_BE,YES,471
4.1053,33,P,8,0,AC_BE,YES,472
4.10571,33,P,9,0,AC_BE,YES,473
4.1061,33,P,10,0,AC_BE,YES,474
4.10642,33,P,11,0,AC_BE,YES,475
4.10686,33,P,12,0,AC_BE,YES,476
4.10728,33,P,13,0,AC_BE,YES,477
4.10763,33,P,14,0,AC_BE,YES,478
4.10807,33,P,15,0,AC_BE,YES,479
4.10851,33,P,16,0,AC_BE,YES,480
4.10891,33,P,17,0,AC_BE,YES,481
4.10928,33,P,18,0,AC_BE,YES,482
4.10971,33,P,19,0,AC_BE,YES,483
4.11015,33,P,20,0,AC_BE,YES,484
4.11056,33,P,21,0,AC_BE,YES,485
4.11089,33,P,22,0,AC_BE,YES,486
4.11131,33,P,23,0,AC_BE,YES,487
4.11165,33,P,24,0,AC_BE,YES,488
4.112,33,P,25,0,AC_BE,YES,489
4.11233,33,P,26,0,AC_BE,YES,490
4.11264,33,P,27,0,AC_BE,YES,491
4.11304,33,P,28,0,AC_BE,YES,492
4.11335,33,P,29,0,AC_BE,YES,493
4.13325,34,B,0,0,AC_BE,YES,494
4.1336,34,B,1,0,AC_BE,YES,495
4.13395,34,B,2,0,AC_BE,YES,496
4.13428,34,B,3,0,AC_BE,YES,497
4.13459,34,B,4,0,AC_BE,YES,498
4.16625,35,B,0,0,AC_BE,YES,499
4.16667,35,B,1,0,AC_BE,YES,500
4.16701,35,B,2,0,AC_BE,YES,501
4.16735,35,B,3,0,AC_BE,YES,502
4.16773,35,B,4,0,AC_BE,YES,503
4.19925,36,P,0,0,AC_BE,YES,504
4.19962,36,P,1,0,AC_BE,YES,505
4.2,36,P,2,0,AC_BE,YES,506
4.20044,36,P,3,0,AC_BE,YES,507
4.20089,36,P,4,0,AC_BE,YES,508
4.20121,36,P,5,0,AC_BE,YES,509
4.20161,36,P,6,0,AC_BE,YES,510
4.20199,36,P,7,0,AC_BE,YES,511
4.20239,36,P,8,0,AC_BE,YES,512
4.20274,36,P,9,0,AC_BE,YES,513
4.20319,36,P,10,0,AC_BE,YES,514
4.20358,36,P,11,0,AC_BE,YES,515
4.20392,36,P,12,0,AC_BE,YES,516
4.20436,36,P,13,0,AC_BE,YES,517
4.20669,36,P,14,0,AC_BE,YES,518
4.2071,36,P,15,0,AC_BE,YES,519
4.20755,36,P,16,0,AC_BE,YES,520
4.20799,36,P,17,0,AC_BE,YES,521
4.20841,36,P,18,0,AC_BE,YES,522
4.20881,36,P,19,0,AC_BE,YES,523
4.20915,36,P,20,0,AC_BE,YES,524
4.20954,36,P,21,0,AC_BE,YES,525
4.20989,36,P,22,0,AC_BE,YES,526
4.21029,36,P,23,0,AC_BE,YES,527
4.21064,36,P,24,0,AC_BE,YES,528
4.21102,36,P,25,0,AC_BE,YES,529
4.21136,36,P,26,0,AC_BE,YES,530
4.21178,36,P,27,0,AC_BE,YES,531
4.21211,36,P,28,0,AC_BE,YES,532
4.21255,36,P,29,0,AC_BE,YES,533
4.23224,37,B,0,0,AC_BE,YES,534
4.23264,37,B,1,0,AC_BE,YES,535
4.23301,37,B,2,0,AC_BE,YES,536
4.23337,37,B,3,0,AC_BE,YES,537
4.23368,37,B,4,0,AC_BE,YES,538
4.26525,38,B,0,0,AC_BE,YES,539
4.26559,38,B,1,0,AC_BE,YES,540
4.26594,38,B,2,0,AC_BE,YES,541
4.26635,38,B,3,0,AC_BE,YES,542
4.26674,38,B,4,0,AC_BE,YES,543
4.29825,39,P,0,0,AC_BE,YES,544
4.29865,39,P,1,0,AC_BE,YES,545
4.29902,39,P,2,0,AC_BE,YES,546
4.29933,39,P,3,0,AC_BE,YES,547
4.29977,39,P,4,0,AC_BE,YES,548
4.30021,39,P,5,0,AC_BE,YES,549
4.30062,39,P,6,0,AC_BE,YES,550
4.30103,39,P,7,0,AC_BE,YES,551
4.30143,39,P,8,0,AC_BE,YES,552
4.30183,39,P,9,0,AC_BE,YES,553
4.30214,39,P,10,0,AC_BE,YES,554
4.30257,39,P,11,0,AC_BE,YES,555
4.30291,39,P,12,0,AC_BE,YES,556
4.30326,39,P,13,0,AC_BE,YES,557
4.30363,39,P,14,0,AC_BE,YES,558
4.30407,39,P,15,0,AC_BE,YES,559
4.30444,39,P,16,0,AC_BE,YES,560
4.30479,39,P,17,0,AC_BE,YES,561
4.30516,39,P,18,0,AC_BE,YES,562
4.30547,39,P,19,0,AC_BE,YES,563
4.30579,39,P,20,0,AC_BE,YES,564
4.30622,39,P,21,0,AC_BE,YES,565
4.30658,39,P,22,0,AC_BE,YES,566
4.30896,39,P,23,0,AC_BE,YES,567
4.30937,39,P,24,0,AC_BE,YES,568
4.30979,39,P,25,0,AC_BE,YES,569
4.31021,39,P,26,0,AC_BE,YES,570
4.31056,39,P,27,0,AC_BE,YES,571
4.31092,39,P,28,0,AC_BE,YES,572
4.31123,39,P,29,0,AC_BE,YES,573
4.33125,40,B,0,0,AC_BE,YES,574
4.33162,40,B,1,0,AC_BE,YES,575
4.33203,40,B,2,0,AC_BE,YES,576
4.33239,40,B,3,0,AC_BE,YES,577
4.33276,40,B,4,0,AC_BE,YES,578
4.36425,41,B,0,0,AC_BE,YES,579
4.36466,41,B,1,0,AC_BE,YES,580
4.36505,41,B,2,0,AC_BE,YES,581
4.3655,41,B,3,0,AC_BE,YES,582
4.36591,41,B,4,0,AC_BE,YES,583
4.39724,42,P,0,0,AC_BE,YES,584
4.39764,42,P,1,0,AC_BE,YES,585
4.39804,42,P,2,0,AC_BE,YES,586
4.39842,42,P,3,0,AC_BE,YES,587
4.39876,42,P,4,0,AC_BE,YES,588
4.39919,42,P,5,0,AC_BE,YES,589
4.39951,42,P,6,0,AC_BE,YES,590
4.39983,42,P,7,0,AC_BE,YES,591
4.40015,42,P,8,0,AC_BE,YES,592
4.40053,42,P,9,0,AC_BE,YES,593
4.40087,42,P,10,0,AC_BE,YES,594
4.40128,42,P,11,0,AC_BE,YES,595
4.40162,42,P,12,0,AC_BE,YES,596
4.40205,42,P,13,0,AC_BE,YES,597
4.40244,42,P,14,0,AC_BE,YES,598
4.40278,42,P,15,0,AC_BE,YES,599
4.40316,42,P,16,0,AC_BE,YES,600
4.40352,42,P,17,0,AC_BE,YES,601
4.40392,42,P,18,0,AC_BE,YES,602
4.40431,42,P,19,0,AC_BE,YES,603
4.40465,42,P,20,0,AC_BE,YES,604
4.40502,42,P,21,0,AC_BE,YES,605
4.40542,42,P,22,0,AC_BE,YES,606
4.40579,42,P,23,0,AC_BE,YES,607
4.40619,42,P,24,0,AC_BE,YES,608
4.40654,42,P,25,0,AC_BE,YES,609
4.40696,42,P,26,0,AC_BE,YES,610
4.40733,42,P,27,0,AC_BE,YES,611
4.40768,42,P,28,0,AC_BE,YES,612
4.40813,42,P,29,0,AC_BE,YES,613
4.43025,43,B,0,0,AC_BE,YES,614
4.43067,43,B,1,0,AC_BE,YES,615
4.43104,43,B,2,0,AC_BE,YES,616
4.43139,43,B,3,0,AC_BE,YES,617
4.43171,43,B,4,0,AC_BE,YES,618
4.46325,44,B,0,0,AC_BE,YES,619
4.46358,44,B,1,0,AC_BE,YES,620
4.46399,44,B,2,0,AC_BE,YES,621
4.46436,44,B,3,0,AC_BE,YES,622
4.46478,44,B,4,0,AC_BE,YES,623
4.49625,45,P,0,0,AC_BE,YES,624
4.4967,45,P,1,0,AC_BE,YES,625
4.49705,45,P,2,0,AC_BE,YES,626
4.49742,45,P,3,0,AC_BE,YES,627
4.49782,45,P,4,0,AC_BE,YES,628
4.49817,45,P,5,0,AC_BE,YES,629
4.49855,45,P,6,0,AC_BE,YES,630
4.49888,45,P,7,0,AC_BE,YES,631
4.49922,45,P,8,0,AC_BE,YES,632
4.49963,45,P,9,0,AC_BE,YES,633
4.5,45,P,10,0,AC_BE,YES,634
4.50038,45,P,11,0,AC_BE,YES,635
4.50075,45,P,12,0,AC_BE,YES,636
4.5011,45,P,13,0,AC_BE,YES,637
4.50151,45,P,14,0,AC_BE,YES,638
4.50187,45,P,15,0,AC_BE,YES,639
4.5023,45,P,16,0,AC_BE,YES,640
4.50267,45,P,17,0,AC_BE,YES,641
4.50308,45,P,18,0,AC_BE,YES,642
4.50341,45,P,19,0,AC_BE,YES,643
4.50382,45,P,20,0,AC_BE,YES,644
4.50416,45,P,21,0,AC_BE,YES,645
4.50453,45,P,22,0,AC_BE,YES,646
4.50495,45,P,23,0,AC_BE,YES,647
4.50528,45,P,24,0,AC_BE,YES,648
4.50569,45,P,25,0,AC_BE,YES,649
4.50614,45,P,26,0,AC_BE,YES,650
4.50659,45,P,27,0,AC_BE,YES,651
4.507,45,P,28,0,AC_BE,YES,652
4.50745,45,P,29,0,AC_BE,YES,653
4.52924,46,B,0,0,AC_BE,YES,654
4.5296,46,B,1,0,AC_BE,YES,655
4.52993,46,B,2,0,AC_BE,YES,656
4.53028,46,B,3,0,AC_BE,YES,657
4.53061,46,B,4,0,AC_BE,YES,658
4.56225,47,B,0,0,AC_BE,YES,659
4.56258,47,B,1,0,AC_BE,YES,660
4.56296,47,B,2,0,AC_BE,YES,661
4.56338,47,B,3,0,AC_BE,YES,662
4.56371,47,B,4,0,AC_BE,YES,663
4.59525,48,P,0,0,AC_BE,YES,664
4.59566,48,P,1,0,AC_BE,YES,665
4.59602,48,P,2,0,AC_BE,YES,666
4.59637,48,P,3,0,AC_BE,YES,667
4.59673,48,P,4,0,AC_BE,YES,668
4.59715,48,P,5,0,AC_BE,YES,669
4.59756,48,P,6,0,AC_BE,YES,670
4.59795,48,P,7,0,AC_BE,YES,671
4.59828,48,P,8,0,AC_BE,YES,672
4.5987,48,P,9,0,AC_BE,YES,673
4.59907,48,P,10,0,AC_BE,YES,674
4.59943,48,P,11,0,AC_BE,YES,675
4.59978,48,P,12,0,AC_BE,YES,676
4.60019,48,P,13,0,AC_BE,YES,677
4.60056,48,P,14,0,AC_BE,YES,678
4.60093,48,P,15,0,AC_BE,YES,679
4.60133,48,P,16,0,AC_BE,YES,680
4.6017,48,P,17,0,AC_BE,YES,681
4.60206,48,P,18,0,AC_BE,YES,682
4.60248,48,P,19,0,AC_BE,YES,683
4.60292,48,P,20,0,AC_BE,YES,684
4.60333,48,P,21,0,AC_BE,YES,685
4.6037,48,P,22,0,AC_BE,YES,686
4.60414,48,P,23,0,AC_BE,YES,687
4.6045,48,P,24,0,AC_BE,YES,688
4.60489,48,P,25,0,AC_BE,YES,689
4.6053,48,P,26,0,AC_BE,YES,690
4.60571,48,P,27,0,AC_BE,YES,691
4.60603,48,P,28,0,AC_BE,YES,692
4.60645,48,P,29,0,AC_BE,YES,693
4.62825,49,B,0,0,AC_BE,YES,694
4.6287,49,B,1,0,AC_BE,YES,695
4.62912,49,B,2,0,AC_BE,YES,696
4.62953,49,B,3,0,AC_BE,YES,697
4.62986,49,B,4,0,AC_BE,YES,698
4.66124,50,B,0,0,AC_BE,YES,699
4.66159,50,B,1,0,AC_BE,YES,700
4.662,50,B,2,0,AC_BE,YES,701
4.66243,50,B,3,0,AC_BE,YES,702
4.66279,50,B,4,0,AC_BE,YES,703
4.69425,51,P,0,0,AC_BE,YES,704
4.69465,51,P,1,0,AC_BE,YES,705
4.69501,51,P,2,0,AC_BE,YES,706
4.69534,51,P,3,0,AC_BE,YES,707
4.69566,51,P,4,0,AC_BE,YES,708
4.69606,51,P,5,0,AC_BE,YES,709
4.69646,51,P,6,0,AC_BE,YES,710
4.69688,51,P,7,0,AC_BE,YES,711
4.69725,51,P,8,0,AC_BE,YES,712
4.69761,51,P,9,0,AC_BE,YES,713
4.69802,51,P,10,0,AC_BE,YES,714
4.69834,51,P,11,0,AC_BE,YES,715
4.69869,51,P,12,0,AC_BE,YES,716
4.69904,51,P,13,0,AC_BE,YES,717
4.69942,51,P,14,0,AC_BE,YES,718
4.69974,51,P,15,0,AC_BE,YES,719
4.70008,51,P,16,0,AC_BE,YES,720
4.70046,51,P,17,0,AC_BE,YES,721
4.70091,51,P,18,0,AC_BE,YES,722
4.70124,51,P,19,0,AC_BE,YES,723
4.70158,51,P,20,0,AC_BE,YES,724
4.7019,51,P,21,0,AC_BE,YES,725
4.70231,51,P,22,0,AC_BE,YES,726
4.70264,51,P,23,0,AC_BE,YES,727
4.70296,51,P,24,0,AC_BE,YES,728
4.70328,51,P,25,0,AC_BE,YES,729
4.7037,51,P,26,0,AC_BE,YES,730
4.70413,51,P,27,0,AC_BE,YES,731
4.70453,51,P,28,0,AC_BE,YES,732
4.70496,51,P,29,0,AC_BE,YES,733
4.72725,52,B,0,0,AC_BE,YES,734
4.72767,52,B,1,0,AC_BE,YES,735
4.72802,52,B,2,0,AC_BE,YES,736
4.72835,52,B,3,0,AC_BE,YES,737
4.72879,52,B,4,0,AC_BE,YES,738
4.76025,53,B,0,0,AC_BE,YES,739
4.7606,53,B,1,0,AC_BE,YES,740
4.76104,53,B,2,0,AC_BE,YES,741
4.76149,53,B,3,0,AC_BE,YES,742
4.76192,53,B,4,0,AC_BE,YES,743
4.79324,54,P,0,0,AC_BE,YES,744
4.79364,54,P,1,0,AC_BE,YES,745
4.79398,54,P,2,0,AC_BE,YES,746
4.79442,54,P,3,0,AC_BE,YES,747
4.79473,54,P,4,0,AC_BE,YES,748
4.79513,54,P,5,0,AC_BE,YES,749
4.79545,54,P,6,0,AC_BE,YES,750
4.79587,54,P,7,0,AC_BE,YES,751
4.7963,54,P,8,0,AC_BE,YES,752
4.79661,54,P,9,0,AC_BE,YES,753
4.797,54,P,10,0,AC_BE,YES,754
4.79731,54,P,11,0,AC_BE,YES,755
4.79763,54,P,12,0,AC_BE,YES,756
4.79796,54,P,13,0,AC_BE,YES,757
4.79827,54,P,14,0,AC_BE,YES,758
4.7987,54,P,15,0,AC_BE,YES,759
4.79907,54,P,16,0,AC_BE,YES,760
4.79946,54,P,17,0,AC_BE,YES,761
4.7998,54,P,18,0,AC_BE,YES,762
4.80021,54,P,19,0,AC_BE,YES,763
4.8006,54,P,20,0,AC_BE,YES,764
4.80097,54,P,21,0,AC_BE,YES,765
4.80131,54,P,22,0,AC_BE,YES,766
4.80166,54,P,23,0,AC_BE,YES,767
4.80211,54,P,24,0,AC_BE,YES,768
4.80246,54,P,25,0,AC_BE,YES,769
4.80278,54,P,26,0,AC_BE,YES,770
4.80311,54,P,27,0,AC_BE,YES,771
4.80354,54,P,28,0,AC_BE,YES,772
4.80395,54,P,29,0,AC_BE,YES,773
4.82625,55,B,0,0,AC_BE,YES,774
4.82659,55,B,1,0,AC_BE,YES,775
4.82696,55,B,2,0,AC_BE,YES,776
4.82728,55,B,3,0,AC_BE,YES,777
4.82768,55,B,4,0,AC_BE,YES,778
4.85925,56,B,0,0,AC_BE,YES,779
4.85969,56,B,1,0,AC_BE,YES,780
4.86013,56,B,2,0,AC_BE,YES,781
4.86044,56,B,3,0,AC_BE,YES,782
4.8608,56,B,4,0,AC_BE,YES,783
4.89225,57,P,0,0,AC_BE,YES,784
4.89265,57,P,1,0,AC_BE,YES,785
4.8931,57,P,2,0,AC_BE,YES,786
4.89344,57,P,3,0,AC_BE,YES,787
4.89383,57,P,4,0,AC_BE,YES,788
4.89423,57,P,5,0,AC_BE,YES,789
4.89461,57,P,6,0,AC_BE,YES,790
4.89494,57,P,7,0,AC_BE,YES,791
4.89533,57,P,8,0,AC_BE,YES,792
4.89568,57,P,9,0,AC_BE,YES,793
4.89605,57,P,10,0,AC_BE,YES,794
4.89648,57,P,11,0,AC_BE,YES,795
4.89684,57,P,12,0,AC_BE,YES,796
4.89722,57,P,13,0,AC_BE,YES,797
4.89757,57,P,14,0,AC_BE,YES,798
4.89794,57,P,15,0,AC_BE,YES,799
4.89839,57,P,16,0,AC_BE,YES,800
4.89878,57,P,17,0,AC_BE,YES,801
4.89918,57,P,18,0,AC_BE,YES,802
4.8995,57,P,19,0,AC_BE,YES,803
4.89985,57,P,20,0,AC_BE,YES,804
4.9003,57,P,21,0,AC_BE,YES,805
4.90061,57,P,22,0,AC_BE,YES,806
4.90093,57,P,23,0,AC_BE,YES,807
4.90127,57,P,24,0,AC_BE,YES,808
4.90165,57,P,25,0,AC_BE,YES,809
4.90197,57,P,26,0,AC_BE,YES,810
4.90239,57,P,27,0,AC_BE,YES,811
4.90283,57,P,28,0,AC_BE,YES,812
4.90318,57,P,29,0,AC_BE,YES,813
4.92525,58,B,0,0,AC_BE,YES,814
4.92558,58,B,1,0,AC_BE,YES,815
4.92591,58,B,2,0,AC_BE,YES,816
4.92627,58,B,3,0,AC_BE,YES,817
4.92662,58,B,4,0,AC_BE,YES,818
4.95825,59,P,0,0,AC_BE,YES,819
4.95856,59,P,1,0,AC_BE,YES,820
4.95899,59,P,2,0,AC_BE,YES,821
4.9593,59,P,3,0,AC_BE,YES,822
4.95974,59,P,4,0,AC_BE,YES,823
4.96018,59,P,5,0,AC_BE,YES,824
4.9605,59,P,6,0,AC_BE,YES,825
4.96088,59,P,7,0,AC_BE,YES,826
4.96124,59,P,8,0,AC_BE,YES,827
4.96156,59,P,9,0,AC_BE,YES,828
4.96189,59,P,10,0,AC_BE,YES,829
4.9622,59,P,11,0,AC_BE,YES,830
4.96259,59,P,12,0,AC_BE,YES,831
4.96292,59,P,13,0,AC_BE,YES,832
4.96329,59,P,14,0,AC_BE,YES,833
4.96373,59,P,15,0,AC_BE,YES,834
4.96405,59,P,16,0,AC_BE,YES,835
4.96437,59,P,17,0,AC_BE,YES,836
4.96473,59,P,18,0,AC_BE,YES,837
4.96509,59,P,19,0,AC_BE,YES,838
4.9655,59,P,20,0,AC_BE,YES,839
4.96593,59,P,21,0,AC_BE,YES,840
4.96626,59,P,22,0,AC_BE,YES,841
4.96667,59,P,23,0,AC_BE,YES,842
4.967,59,P,24,0,AC_BE,YES,843
4.96745,59,P,25,0,AC_BE,YES,844
4.96788,59,P,26,0,AC_BE,YES,845
4.96829,59,P,27,0,AC_BE,YES,846
4.96866,59,P,28,0,AC_BE,YES,847
4.96902,59,P,29,0,AC_BE,YES,848
4.99125,60,I,0,0,AC_BE,YES,849
4.99163,60,I,1,0,AC_BE,YES,850
4.99197,60,I,2,0,AC_BE,YES,851
4.99228,60,I,3,0,AC_BE,YES,852
4.99268,60,I,4,0,AC_BE,YES,853
4.993,60,I,5,0,AC_BE,YES,854
4.99336,60,I,6,0,AC_BE,YES,855
4.99376,60,I,7,0,AC_BE,YES,856
4.99407,60,I,8,0,AC_BE,YES,857
4.99446,60,I,9,0,AC_BE,YES,858
4.99479,60,I,10,0,AC_BE,YES,859
4.99516,60,I,11,0,AC_BE,YES,860
4.99554,60,I,12,0,AC_BE,YES,861
4.99589,60,I,13,0,AC_BE,YES,862
4.99625,60,I,14,0,AC_BE,YES,863
4.99664,60,I,15,0,AC_BE,YES,864
4.99701,60,I,16,0,AC_BE,YES,865
4.99732,60,I,17,0,AC_BE,YES,866
4.99769,60,I,18,0,AC_BE,YES,867
4.99806,60,I,19,0,AC_BE,YES,868
4.99845,60,I,20,0,AC_BE,YES,869
4.9988,60,I,21,0,AC_BE,YES,870
4.99913,60,I,22,0,AC_BE,YES,871
4.99956,60,I,23,0,AC_BE,YES,872
4.99999,60,I,24,0,AC_BE,YES,873
5.00035,60,I,25,0,AC_BE,YES,874
5.00078,60,I,26,0,AC_BE,YES,875
5.00109,60,I,27,0,AC_BE,YES,876
5.00148,60,I,28,0,AC_BE,YES,877
5.00188,60,I,29,0,AC_BE,YES,878
5.00224,60,I,30,0,AC_BE,YES,879
5.00259,60,I,31,0,AC_BE,YES,880
5.00302,60,I,32,0,AC_BE,YES,881
5.00337,60,I,33,0,AC_BE,YES,882
5.00376,60,I,34,0,AC_BE,YES,883
5.00421,60,I,35,0,AC_BE,YES,884
5.00455,60,I,36,0,AC_BE,YES,885
5.00499,60,I,37,0,AC_BE,YES,886
5.00539,60,I,38,0,AC_BE,YES,887
5.00572,60,I,39,0,AC_BE,YES,888
5.00609,60,I,40,0,AC_BE,YES,889
5.00646,60,I,41,0,AC_BE,YES,890
5.00678,60,I,42,0,AC_BE,YES,891
5.00717,60,I,43,0,AC_BE,YES,892
5.00754,60,I,44,0,AC_BE,YES,893
5.00792,60,I,45,0,AC_BE,YES,894
5.00835,60,I,46,0,AC_BE,YES,895
5.00877,60,I,47,0,AC_BE,YES,896
5.0092,60,I,48,0,AC_BE,YES,897
5.0096,60,I,49,0,AC_BE,YES,898
5.02572,61,B,0,0,AC_BE,YES,899
5.02604,61,B,1,0,AC_BE,YES,900
5.02648,61,B,2,0,AC_BE,YES,901
5.02682,61,B,3,0,AC_BE,YES,902
5.02719,61,B,4,0,AC_BE,YES,903
5.05724,62,B,0,0,AC_BE,YES,904
5.05756,62,B,1,0,AC_BE,YES,905
5.05798,62,B,2,0,AC_BE,YES,906
5.05839,62,B,3,0,AC_BE,YES,907
5.05881,62,B,4,0,AC_BE,YES,908
5.09025,63,P,0,0,AC_BE,YES,909
5.09064,63,P,1,0,AC_BE,YES,910
5.09103,63,P,2,0,AC_BE,YES,911
5.09147,63,P,3,0,AC_BE,YES,912
5.0919,63,P,4,0,AC_BE,YES,913
5.09229,63,P,5,0,AC_BE,YES,914
5.09262,63,P,6,0,AC_BE,YES,915
5.09298,63,P,7,0,AC_BE,YES,916
5.0934,63,P,8,0,AC_BE,YES,917
5.09381,63,P,9,0,AC_BE,YES,918
5.09413,63,P,10,0,AC_BE,YES,919
5.09445,63,P,11,0,AC_BE,YES,920
5.09483,63,P,12,0,AC_BE,YES,921
5.09525,63,P,13,0,AC_BE,YES,922
5.0956,63,P,14,0,AC_BE,YES,923
5.096,63,P,15,0,AC_BE,YES,924
5.09639,63,P,16,0,AC_BE,YES,925
5.09676,63,P,17,0,AC_BE,YES,926
5.09708,63,P,18,0,AC_BE,YES,927
5.09743,63,P,19,0,AC_BE,YES,928
5.09787,63,P,20,0,AC_BE,YES,929
5.09821,63,P,21,0,AC_BE,YES,930
5.0986,63,P,22,0,AC_BE,YES,931
5.09902,63,P,23,0,AC_BE,YES,932
5.09944,63,P,24,0,AC_BE,YES,933
5.09984,63,P,25,0,AC_BE,YES,934
5.10015,63,P,26,0,AC_BE,YES,935
5.10051,63,P,27,0,AC_BE,YES,936
5.10092,63,P,28,0,AC_BE,YES,937
5.10132,63,P,29,0,AC_BE,YES,938
5.12325,64,B,0,0,AC_BE,YES,939
5.12356,64,B,1,0,AC_BE,YES,940
5.1239,64,B,2,0,AC_BE,YES,941
5.12435,64,B,3,0,AC_BE,YES,942
5.12473,64,B,4,0,AC_BE,YES,943
5.15624,65,B,0,0,AC_BE,YES,944
5.15664,65,B,1,0,AC_BE,YES,945
5.15704,65,B,2,0,AC_BE,YES,946
5.15747,65,B,3,0,AC_BE,YES,947
5.15791,65,B,4,0,AC_BE,YES,948
5.18925,66,P,0,0,AC_BE,YES,949
5.18967,66,P,1,0,AC_BE,YES,950
5.19004,66,P,2,0,AC_BE,YES,951
5.19048,66,P,3,0,AC_BE,YES,952
5.1909,66,P,4,0,AC_BE,YES,953
5.19125,66,P,5,0,AC_BE,YES,954
5.19168,66,P,6,0,AC_BE,YES,955
5.192,66,P,7,0,AC_BE,YES,956
5.19239,66,P,8,0,AC_BE,YES,957
5.19271,66,P,9,0,AC_BE,YES,958
5.19311,66,P,10,0,AC_BE,YES,959
5.19351,66,P,11,0,AC_BE,YES,960
5.19393,66,P,12,0,AC_BE,YES,961
5.19429,66,P,13,0,AC_BE,YES,962
5.19463,66,P,14,0,AC_BE,YES,963
5.19507,66,P,15,0,AC_BE,YES,964
5.19541,66,P,16,0,AC_BE,YES,965
5.19583,66,P,17,0,AC_BE,YES,966
5.19626,66,P,18,0,AC_BE,YES,967
5.1966,66,P,19,0,AC_BE,YES,968
5.19703,66,P,20,0,AC_BE,YES,969
5.19747,66,P,21,0,AC_BE,YES,970
5.19784,66,P,22,0,AC_BE,YES,971
5.19827,66,P,23,0,AC_BE,YES,972
5.19872,66,P,24,0,AC_BE,YES,973
5.19909,66,P,25,0,AC_BE,YES,974
5.19946,66,P,26,0,AC_BE,YES,975
5.19977,66,P,27,0,AC_BE,YES,976
5.20009,66,P,28,0,AC_BE,YES,977
5.20048,66,P,29,0,AC_BE,YES,978
5.22225,67,B,0,0,AC_BE,YES,979
5.22261,67,B,1,0,AC_BE,YES,980
5.223,67,B,2,0,AC_BE,YES,981
5.22343,67,B,3,0,AC_BE,YES,982
5.22383,67,B,4,0,AC_BE,YES,983
5.25525,68,B,0,0,AC_BE,YES,984
5.25568,68,B,1,0,AC_BE,YES,985
5.25612,68,B,2,0,AC_BE,YES,986
5.25655,68,B,3,0,AC_BE,YES,987
5.25688,68,B,4,0,AC_BE,YES,988
5.28824,69,P,0,0,AC_BE,YES,989
5.28862,69,P,1,0,AC_BE,YES,990
5.28906,69,P,2,0,AC_BE,YES,991
5.28946,69,P,3,0,AC_BE,YES,992
5.28978,69,P,4,0,AC_BE,YES,993
5.29022,69,P,5,0,AC_BE,YES,994
5.29054,69,P,6,0,AC_BE,YES,995
5.29091,69,P,7,0,AC_BE,YES,996
5.29134,69,P,8,0,AC_BE,YES,997
5.29168,69,P,9,0,AC_BE,YES,998
5.2921,69,P,10,0,AC_BE,YES,999
5.29247,69,P,11,0,AC_BE,YES,1000
5.29284,69,P,12,0,AC_BE,YES,1001
5.29324,69,P,13,0,AC_BE,YES,1002
5.2936,69,P,14,0,AC_BE,YES,1003
5.29395,69,P,15,0,AC_BE,YES,1004
5.29427,69,P,16,0,AC_BE,YES,1005
5.29461,69,P,17,0,AC_BE,YES,1006
5.29506,69,P,18,0,AC_BE,YES,1007
5.29547,69,P,19,0,AC_BE,YES,1008
5.29582,69,P,20,0,AC_BE,YES,1009
5.29614,69,P,21,0,AC_BE,YES,1010
5.29649,69,P,22,0,AC_BE,YES,1011
5.29687,69,P,23,0,AC_BE,YES,1012
5.2972,69,P,24,0,AC_BE,YES,1013
5.29753,69,P,25,0,AC_BE,YES,1014
5.29787,69,P,26,0,AC_BE,YES,1015
5.29826,69,P,27,0,AC_BE,YES,1016
5.29867,69,P,28,0,AC_BE,YES,1017
5.299,69,P,29,0,AC_BE,YES,1018
5.32125,70,B,0,0,AC_BE,YES,1019
5.32168,70,B,1,0,AC_BE,YES,1020
5.32212,70,B,2,0,AC_BE,YES,1021
5.32251,70,B,3,0,AC_BE,YES,1022
5.32289,70,B,4,0,AC_BE,YES,1023
5.35425,71,B,0,0,AC_BE,YES,1024
5.35463,71,B,1,0,AC_BE,YES,1025
5.35502,71,B,2,0,AC_BE,YES,1026
5.3554,71,B,3,0,AC_BE,YES,1027
5.35578,71,B,4,0,AC_BE,YES,1028
5.38725,72,P,0,0,AC_BE,YES,1029
5.38762,72,P,1,0,AC_BE,YES,1030
5.38803,72,P,2,0,AC_BE,YES,1031
5.38839,72,P,3,0,AC_BE,YES,1032
5.38871,72,P,4,0,AC_BE,YES,1033
5.38909,72,P,5,0,AC_BE,YES,1034
5.38941,72,P,6,0,AC_BE,YES,1035
5.38973,72,P,7,0,AC_BE,YES,1036
5.39014,72,P,8,0,AC_BE,YES,1037
5.39051,72,P,9,0,AC_BE,YES,1038
5.39089,72,P,10,0,AC_BE,YES,1039
5.39126,72,P,11,0,AC_BE,YES,1040
5.39161,72,P,12,0,AC_BE,YES,1041
5.39203,72,P,13,0,AC_BE,YES,1042
5.39239,72,P,14,0,AC_BE,YES,1043
5.39282,72,P,15,0,AC_BE,YES,1044
5.39316,72,P,16,0,AC_BE,YES,1045
5.39358,72,P,17,0,AC_BE,YES,1046
5.39402,72,P,18,0,AC_BE,YES,1047
5.39437,72,P,19,0,AC_BE,YES,1048
5.39477,72,P,20,0,AC_BE,YES,1049
5.39521,72,P,21,0,AC_BE,YES,1050
5.39554,72,P,22,0,AC_BE,YES,1051
5.39592,72,P,23,0,AC_BE,YES,1052
5.39632,72,P,24,0,AC_BE,YES,1053
5.39668,72,P,25,0,AC_BE,YES,1054
5.39701,72,P,26,0,AC_BE,YES,1055
5.39745,72,P,27,0,AC_BE,YES,1056
5.3978,72,P,28,0,AC_BE,YES,1057
5.39824,72,P,29,0,AC_BE,YES,1058
5.42025,73,B,0,0,AC_BE,YES,1059
5.42063,73,B,1,0,AC_BE,YES,1060
5.42096,73,B,2,0,AC_BE,YES,1061
5.42133,73,B,3,0,AC_BE,YES,1062
5.42172,73,B,4,0,AC_BE,YES,1063
5.45325,74,B,0,0,AC_BE,YES,1064
5.45364,74,B,1,0,AC_BE,YES,1065
5.45403,74,B,2,0,AC_BE,YES,1066
5.45447,74,B,3,0,AC_BE,YES,1067
5.45482,74,B,4,0,AC_BE,YES,1068
5.48625,75,P,0,0,AC_BE,YES,1069
5.48669,75,P,1,0,AC_BE,YES,1070
5.48706,75,P,2,0,AC_BE,YES,1071
5.48744,75,P,3,0,AC_BE,YES,1072
5.48787,75,P,4,0,AC_BE,YES,1073
5.48829,75,P,5,0,AC_BE,YES,1074
5.48868,75,P,6,0,AC_BE,YES,1075
5.48905,75,P,7,0,AC_BE,YES,1076
5.48947,75,P,8,0,AC_BE,YES,1077
5.48988,75,P,9,0,AC_BE,YES,1078
5.49031,75,P,10,0,AC_BE,YES,1079
5.49063,75,P,11,0,AC_BE,YES,1080
5.49105,75,P,12,0,AC_BE,YES,1081
5.49148,75,P,13,0,AC_BE,YES,1082
5.49182,75,P,14,0,AC_BE,YES,1083
5.49222,75,P,15,0,AC_BE,YES,1084
5.49253,75,P,16,0,AC_BE,YES,1085
5.49286,75,P,17,0,AC_BE,YES,1086
5.49323,75,P,18,0,AC_BE,YES,1087
5.49363,75,P,19,0,AC_BE,YES,1088
5.49405,75,P,20,0,AC_BE,YES,1089
5.49439,75,P,21,0,AC_BE,YES,1090
5.49483,75,P,22,0,AC_BE,YES,1091
5.49521,75,P,23,0,AC_BE,YES,1092
5.49558,75,P,24,0,AC_BE,YES,1093
5.49603,75,P,25,0,AC_BE,YES,1094
5.49645,75,P,26,0,AC_BE,YES,1095
5.49685,75,P,27,0,AC_BE,YES,1096
5.49724,75,P,28,0,AC_BE,YES,1097
5.49767,75,P,29,0,AC_BE,YES,1098
5.51924,76,B,0,0,AC_BE,YES,1099
5.5196,76,B,1,0,AC_BE,YES,1100
5.51997,76,B,2,0,AC_BE,YES,1101
5.5204,76,B,3,0,AC_BE,YES,1102
5.52083,76,B,4,0,AC_BE,YES,1103
5.55225,77,B,0,0,AC_BE,YES,1104
5.55268,77,B,1,0,AC_BE,YES,1105
5.55299,77,B,2,0,AC_BE,YES,1106
5.55341,77,B,3,0,AC_BE,YES,1107
5.55381,77,B,4,0,AC_BE,YES,1108
5.58525,78,P,0,0,AC_BE,YES,1109
5.58558,78,P,1,0,AC_BE,YES,1110
5.58602,78,P,2,0,AC_BE,YES,1111
5.58638,78,P,3,0,AC_BE,YES,1112
5.58677,78,P,4,0,AC_BE,YES,1113
5.5872,78,P,5,0,AC_BE,YES,1114
5.58756,78,P,6,0,AC_BE,YES,1115
5.58787,78,P,7,0,AC_BE,YES,1116
5.58832,78,P,8,0,AC_BE,YES,1117
5.58863,78,P,9,0,AC_BE,YES,1118
5.58906,78,P,10,0,AC_BE,YES,1119
5.58951,78,P,11,0,AC_BE,YES,1120
5.58982,78,P,12,0,AC_BE,YES,1121
5.59026,78,P,13,0,AC_BE,YES,1122
5.59066,78,P,14,0,AC_BE,YES,1123
5.59099,78,P,15,0,AC_BE,YES,1124
5.59138,78,P,16,0,AC_BE,YES,1125
5.59181,78,P,17,0,AC_BE,YES,1126
5.5922,78,P,18,0,AC_BE,YES,1127
5.59255,78,P,19,0,AC_BE,YES,1128
5.59291,78,P,20,0,AC_BE,YES,1129
5.59332,78,P,21,0,AC_BE,YES,1130
5.59371,78,P,22,0,AC_BE,YES,1131
5.59413,78,P,23,0,AC_BE,YES,1132
5.59447,78,P,24,0,AC_BE,YES,1133
5.59482,78,P,25,0,AC_BE,YES,1134
5.59526,78,P,26,0,AC_BE,YES,1135
5.59561,78,P,27,0,AC_BE,YES,1136
5.59594,78,P,28,0,AC_BE,YES,1137
5.59637,78,P,29,0,AC_BE,YES,1138
5.61825,79,B,0,0,AC_BE,YES,1139
5.61858,79,B,1,0,AC_BE,YES,1140
5.61899,79,B,2,0,AC_BE,YES,1141
5.61941,79,B,3,0,AC_BE,YES,1142
5.61983,79,B,4,0,AC_BE,YES,1143
5.65124,80,B,0,0,AC_BE,YES,1144
5.6516,80,B,1,0,AC_BE,YES,1145
5.65204,80,B,2,0,AC_BE,YES,1146
5.65243,80,B,3,0,AC_BE,YES,1147
5.65278,80,B,4,0,AC_BE,YES,1148
5.68424,81,P,0,0,AC_BE,YES,1149
5.68456,81,P,1,0,AC_BE,YES,1150
5.68488,81,P,2,0,AC_BE,YES,1151
5.68529,81,P,3,0,AC_BE,YES,1152
5.68564,81,P,4,0,AC_BE,YES,1153
5.68603,81,P,5,0,AC_BE,YES,1154
5.68644,81,P,6,0,AC_BE,YES,1155
5.68682,81,P,7,0,AC_BE,YES,1156
5.68717,81,P,8,0,AC_BE,YES,1157
5.68761,81,P,9,0,AC_BE,YES,1158
5.68795,81,P,10,0,AC_BE,YES,1159
5.68836,81,P,11,0,AC_BE,YES,1160
5.68871,81,P,12,0,AC_BE,YES,1161
5.68905,81,P,13,0,AC_BE,YES,1162
5.68946,81,P,14,0,AC_BE,YES,1163
5.68987,81,P,15,0,AC_BE,YES,1164
5.69022,81,P,16,0,AC_BE,YES,1165
5.69057,81,P,17,0,AC_BE,YES,1166
5.69088,81,P,18,0,AC_BE,YES,1167
5.69127,81,P,19,0,AC_BE,YES,1168
5.69163,81,P,20,0,AC_BE,YES,1169
5.69195,81,P,21,0,AC_BE,YES,1170
5.6923,81,P,22,0,AC_BE,YES,1171
5.6927,81,P,23,0,AC_BE,YES,1172
5.69306,81,P,24,0,AC_BE,YES,1173
5.69345,81,P,25,0,AC_BE,YES,1174
5.69382,81,P,26,0,AC_BE,YES,1175
5.69426,81,P,27,0,AC_BE,YES,1176
5.69465,81,P,28,0,AC_BE,YES,1177
5.69504,81,P,29,0,AC_BE,YES,1178
5.71725,82,B,0,0,AC_BE,YES,1179
5.71767,82,B,1,0,AC_BE,YES,1180
5.71803,82,B,2,0,AC_BE,YES,1181
5.71835,82,B,3,0,AC_BE,YES,1182
5.71869,82,B,4,0,AC_BE,YES,1183
5.75025,83,B,0,0,AC_BE,YES,1184
5.75059,83,B,1,0,AC_BE,YES,1185
5.75102,83,B,2,0,AC_BE,YES,1186
5.75138,83,B,3,0,AC_BE,YES,1187
5.75177,83,B,4,0,AC_BE,YES,1188
5.78324,84,P,0,0,AC_BE,YES,1189
5.78369,84,P,1,0,AC_BE,YES,1190
5.78412,84,P,2,0,AC_BE,YES,1191
5.78455,84,P,3,0,AC_BE,YES,1192
5.78491,84,P,4,0,AC_BE,YES,1193
5.78525,84,P,5,0,AC_BE,YES,1194
5.78566,84,P,6,0,AC_BE,YES,1195
5.78604,84,P,7,0,AC_BE,YES,1196
5.78643,84,P,8,0,AC_BE,YES,1197
5.78681,84,P,9,0,AC_BE,YES,1198
5.78725,84,P,10,0,AC_BE,YES,1199
5.78762,84,P,11,0,AC_BE,YES,1200
5.78796,84,P,12,0,AC_BE,YES,1201
5.78828,84,P,13,0,AC_BE,YES,1202
5.78866,84,P,14,0,AC_BE,YES,1203
5.78899,84,P,15,0,AC_BE,YES,1204
5.7894,84,P,16,0,AC_BE,YES,1205
5.78971,84,P,17,0,AC_BE,YES,1206
5.79007,84,P,18,0,AC_BE,YES,1207
5.79049,84,P,19,0,AC_BE,YES,1208
5.79082,84,P,20,0,AC_BE,YES,1209
5.79121,84,P,21,0,AC_BE,YES,1210
5.79152,84,P,22,0,AC_BE,YES,1211
5.79194,84,P,23,0,AC_BE,YES,1212
5.79237,84,P,24,0,AC_BE,YES,1213
5.79274,84,P,25,0,AC_BE,YES,1214
5.79316,84,P,26,0,AC_BE,YES,1215
5.79347,84,P,27,0,AC_BE,YES,1216
5.7938,84,P,28,0,AC_BE,YES,1217
5.79413,84,P,29,0,AC_BE,YES,1218
5.81625,85,B,0,0,AC_BE,YES,1219
5.8166,85,B,1,0,AC_BE,YES,1220
5.81703,85,B,2,0,AC_BE,YES,1221
5.81748,85,B,3,0,AC_BE,YES,1222
5.8179,85,B,4,0,AC_BE,YES,1223
5.84925,86,B,0,0,AC_BE,YES,1224
5.84957,86,B,1,0,AC_BE,YES,1225
5.84999,86,B,2,0,AC_BE,YES,1226
5.85041,86,B,3,0,AC_BE,YES,1227
5.85081,86,B,4,0,AC_BE,YES,1228
5.88225,87,P,0,0,AC_BE,YES,1229
5.88265,87,P,1,0,AC_BE,YES,1230
5.88307,87,P,2,0,AC_BE,YES,1231
5.88344,87,P,3,0,AC_BE,YES,1232
5.88379,87,P,4,0,AC_BE,YES,1233
5.88416,87,P,5,0,AC_BE,YES,1234
5.88448,87,P,6,0,AC_BE,YES,1235
5.88481,87,P,7,0,AC_BE,YES,1236
5.88517,87,P,8,0,AC_BE,YES,1237
5.8856,87,P,9,0,AC_BE,YES,1238
5.88594,87,P,10,0,AC_BE,YES,1239
5.88625,87,P,11,0,AC_BE,YES,1240
5.88668,87,P,12,0,AC_BE,YES,1241
5.88699,87,P,13,0,AC_BE,YES,1242
5.88741,87,P,14,0,AC_BE,YES,1243
5.88775,87,P,15,0,AC_BE,YES,1244
5.88816,87,P,16,0,AC_BE,YES,1245
5.88852,87,P,17,0,AC_BE,YES,1246
5.88889,87,P,18,0,AC_BE,YES,1247
5.88929,87,P,19,0,AC_BE,YES,1248
5.88965,87,P,20,0,AC_BE,YES,1249
5.89002,87,P,21,0,AC_BE,YES,1250
5.89035,87,P,22,0,AC_BE,YES,1251
5.89071,87,P,23,0,AC_BE,YES,1252
5.89108,87,P,24,0,AC_BE,YES,1253
5.8915,87,P,25,0,AC_BE,YES,1254
5.89193,87,P,26,0,AC_BE,YES,1255
5.89236,87,P,27,0,AC_BE,YES,1256
5.8927,87,P,28,0,AC_BE,YES,1257
5.89304,87,P,29,0,AC_BE,YES,1258
5.91524,88,B,0,0,AC_BE,YES,1259
5.91565,88,B,1,0,AC_BE,YES,1260
5.91602,88,B,2,0,AC_BE,YES,1261
5.91645,88,B,3,0,AC_BE,YES,1262
5.91681,88,B,4,0,AC_BE,YES,1263
5.94825,89,B,0,0,AC_BE,YES,1264
5.94867,89,B,1,0,AC_BE,YES,1265
5.94908,89,B,2,0,AC_BE,YES,1266
5.9494,89,B,3,0,AC_BE,YES,1267
5.94981,89,B,4,0,AC_BE,YES,1268
5.98125,90,P,0,0,AC_BE,YES,1269
5.98162,90,P,1,0,AC_BE,YES,1270
5.98195,90,P,2,0,AC_BE,YES,1271
5.9823,90,P,3,0,AC_BE,YES,1272
5.98261,90,P,4,0,AC_BE,YES,1273
5.98301,90,P,5,0,AC_BE,YES,1274
5.98334,90,P,6,0,AC_BE,YES,1275
5.98376,90,P,7,0,AC_BE,YES,1276
5.9841,90,P,8,0,AC_BE,YES,1277
5.98441,90,P,9,0,AC_BE,YES,1278
5.98476,90,P,10,0,AC_BE,YES,1279
5.98509,90,P,11,0,AC_BE,YES,1280
5.98541,90,P,12,0,AC_BE,YES,1281
5.98578,90,P,13,0,AC_BE,YES,1282
5.98612,90,P,14,0,AC_BE,YES,1283
5.98647,90,P,15,0,AC_BE,YES,1284
5.9869,90,P,16,0,AC_BE,YES,1285
5.98724,90,P,17,0,AC_BE,YES,1286
5.98763,90,P,18,0,AC_BE,YES,1287
5.98807,90,P,19,0,AC_BE,YES,1288
5.98846,90,P,20,0,AC_BE,YES,1289
5.98886,90,P,21,0,AC_BE,YES,1290
5.9893,90,P,22,0,AC_BE,YES,1291
5.98965,90,P,23,0,AC_BE,YES,1292
5.98999,90,P,24,0,AC_BE,YES,1293
5.99042,90,P,25,0,AC_BE,YES,1294
5.99084,90,P,26,0,AC_BE,YES,1295
5.99126,90,P,27,0,AC_BE,YES,1296
5.9916,90,P,28,0,AC_BE,YES,1297
5.992,90,P,29,0,AC_BE,YES,1298
6.01424,91,B,0,0,AC_BE,YES,1299
6.0146,91,B,1,0,AC_BE,YES,1300
6.01499,91,B,2,0,AC_BE,YES,1301
6.01536,91,B,3,0,AC_BE,YES,1302
6.01571,91,B,4,0,AC_BE,YES,1303
6.04724,92,B,0,0,AC_BE,YES,1304
6.04757,92,B,1,0,AC_BE,YES,1305
6.04987,92,B,2,0,AC_BE,YES,1306
6.05027,92,B,3,0,AC_BE,YES,1307
6.05061,92,B,4,0,AC_BE,YES,1308
6.08025,93,P,0,0,AC_BE,YES,1309
6.08061,93,P,1,0,AC_BE,YES,1310
6.081,93,P,2,0,AC_BE,YES,1311
6.08133,93,P,3,0,AC_BE,YES,1312
6.08166,93,P,4,0,AC_BE,YES,1313
6.08209,93,P,5,0,AC_BE,YES,1314
6.08247,93,P,6,0,AC_BE,YES,1315
6.08279,93,P,7,0,AC_BE,YES,1316
6.0832,93,P,8,0,AC_BE,YES,1317
6.08354,93,P,9,0,AC_BE,YES,1318
6.08394,93,P,10,0,AC_BE,YES,1319
6.08433,93,P,11,0,AC_BE,YES,1320
6.08471,93,P,12,0,AC_BE,YES,1321
6.08502,93,P,13,0,AC_BE,YES,1322
6.08539,93,P,14,0,AC_BE,YES,1323
6.0858,93,P,15,0,AC_BE,YES,1324
6.08611,93,P,16,0,AC_BE,YES,1325
6.08651,93,P,17,0,AC_BE,YES,1326
6.08688,93,P,18,0,AC_BE,YES,1327
6.08727,93,P,19,0,AC_BE,YES,1328
6.08765,93,P,20,0,AC_BE,YES,1329
6.08797,93,P,21,0,AC_BE,YES,1330
6.08832,93,P,22,0,AC_BE,YES,1331
6.08865,93,P,23,0,AC_BE,YES,1332
6.08898,93,P,24,0,AC_BE,YES,1333
6.08942,93,P,25,0,AC_BE,YES,1334
6.0898,93,P,26,0,AC_BE,YES,1335
6.09021,93,P,27,0,AC_BE,YES,1336
6.09061,93,P,28,0,AC_BE,YES,1337
6.09099,93,P,29,0,AC_BE,YES,1338
6.11324,94,B,0,0,AC_BE,YES,1339
6.1136,94,B,1,0,AC_BE,YES,1340
6.11397,94,B,2,0,AC_BE,YES,1341
6.11441,94,B,3,0,AC_BE,YES,1342
6.11486,94,B,4,0,AC_BE,YES,1343
6.14624,95,B,0,0,AC_BE,YES,1344
6.14665,95,B,1,0,AC_BE,YES,1345
6.14708,95,B,2,0,AC_BE,YES,1346
6.14748,95,B,3,0,AC_BE,YES,1347
6.1478,95,B,4,0,AC_BE,YES,1348
6.17925,96,P,0,0,AC_BE,YES,1349
6.17968,96,P,1,0,AC_BE,YES,1350
6.18001,96,P,2,0,AC_BE,YES,1351
6.18034,96,P,3,0,AC_BE,YES,1352
6.18069,96,P,4,0,AC_BE,YES,1353
6.18111,96,P,5,0,AC_BE,YES,1354
6.18151,96,P,6,0,AC_BE,YES,1355
6.18191,96,P,7,0,AC_BE,YES,1356
6.18226,96,P,8,0,AC_BE,YES,1357
6.18268,96,P,9,0,AC_BE,YES,1358
6.18312,96,P,10,0,AC_BE,YES,1359
6.18344,96,P,11,0,AC_BE,YES,1360
6.18376,96,P,12,0,AC_BE,YES,1361
6.18411,96,P,13,0,AC_BE,YES,1362
6.18455,96,P,14,0,AC_BE,YES,1363
6.18491,96,P,15,0,AC_BE,YES,1364
6.18532,96,P,16,0,AC_BE,YES,1365
6.18569,96,P,17,0,AC_BE,YES,1366
6.18609,96,P,18,0,AC_BE,YES,1367
6.18647,96,P,19,0,AC_BE,YES,1368
6.18692,96,P,20,0,AC_BE,YES,1369
6.18724,96,P,21,0,AC_BE,YES,1370
6.18766,96,P,22,0,AC_BE,YES,1371
6.18801,96,P,23,0,AC_BE,YES,1372
6.18834,96,P,24,0,AC_BE,YES,1373
6.18876,96,P,25,0,AC_BE,YES,1374
6.1892,96,P,26,0,AC_BE,YES,1375
6.18959,96,P,27,0,AC_BE,YES,1376
6.18995,96,P,28,0,AC_BE,YES,1377
6.19035,96,P,29,0,AC_BE,YES,1378
6.21225,97,B,0,0,AC_BE,YES,1379
6.21267,97,B,1,0,AC_BE,YES,1380
6.2131,97,B,2,0,AC_BE,YES,1381
6.21346,97,B,3,0,AC_BE,YES,1382
6.21381,97,B,4,0,AC_BE,YES,1383
6.24525,98,B,0,0,AC_BE,YES,1384
6.24563,98,B,1,0,AC_BE,YES,1385
6.24603,98,B,2,0,AC_BE,YES,1386
6.2464,98,B,3,0,AC_BE,YES,1387
6.24685,98,B,4,0,AC_BE,YES,1388
6.27824,99,P,0,0,AC_BE,YES,1389
6.27869,99,P,1,0,AC_BE,YES,1390
6.27901,99,P,2,0,AC_BE,YES,1391
6.27945,99,P,3,0,AC_BE,YES,1392
6.2798,99,P,4,0,AC_BE,YES,1393
6.28013,99,P,5,0,AC_BE,YES,1394
6.28053,99,P,6,0,AC_BE,YES,1395
6.28093,99,P,7,0,AC_BE,YES,1396
6.28129,99,P,8,0,AC_BE,YES,1397
6.28168,99,P,9,0,AC_BE,YES,1398
6.28209,99,P,10,0,AC_BE,YES,1399
6.28243,99,P,11,0,AC_BE,YES,1400
6.28276,99,P,12,0,AC_BE,YES,1401
6.28314,99,P,13,0,AC_BE,YES,1402
6.28348,99,P,14,0,AC_BE,YES,1403
6.28385,99,P,15,0,AC_BE,YES,1404
6.28419,99,P,16,0,AC_BE,YES,1405
6.28455,99,P,17,0,AC_BE,YES,1406
6.28496,99,P,18,0,AC_BE,YES,1407
6.28537,99,P,19,0,AC_BE,YES,1408
6.28582,99,P,20,0,AC_BE,YES,1409
6.28613,99,P,21,0,AC_BE,YES,1410
6.28651,99,P,22,0,AC_BE,YES,1411
6.28688,99,P,23,0,AC_BE,YES,1412
6.28722,99,P,24,0,AC_BE,YES,1413
6.28766,99,P,25,0,AC_BE,YES,1414
6.28806,99,P,26,0,AC_BE,YES,1415
6.28843,99,P,27,0,AC_BE,YES,1416
6.28878,99,P,28,0,AC_BE,YES,1417
6.28917,99,P,29,0,AC_BE,YES,1418
6.31125,100,B,0,0,AC_BE,YES,1419
6.31161,100,B,1,0,AC_BE,YES,1420
6.31202,100,B,2,0,AC_BE,YES,1421
6.31245,100,B,3,0,AC_BE,YES,1422
6.31287,100,B,4,0,AC_BE,YES,1423
6.34425,101,B,0,0,AC_BE,YES,1424
6.34462,101,B,1,0,AC_BE,YES,1425
6.345,101,B,2,0,AC_BE,YES,1426
6.34532,101,B,3,0,AC_BE,YES,1427
6.34573,101,B,4,0,AC_BE,YES,1428
6.37725,102,P,0,0,AC_BE,YES,1429
6.37763,102,P,1,0,AC_BE,YES,1430
6.37796,102,P,2,0,AC_BE,YES,1431
6.37841,102,P,3,0,AC_BE,YES,1432
6.37885,102,P,4,0,AC_BE,YES,1433
6.37928,102,P,5,0,AC_BE,YES,1434
6.37969,102,P,6,0,AC_BE,YES,1435
6.38005,102,P,7,0,AC_BE,YES,1436
6.38042,102,P,8,0,AC_BE,YES,1437
6.38081,102,P,9,0,AC_BE,YES,1438
6.38125,102,P,10,0,AC_BE,YES,1439
6.38157,102,P,11,0,AC_BE,YES,1440
6.38194,102,P,12,0,AC_BE,YES,1441
6.38231,102,P,13,0,AC_BE,YES,1442
6.38272,102,P,14,0,AC_BE,YES,1443
6.38314,102,P,15,0,AC_BE,YES,1444
6.38352,102,P,16,0,AC_BE,YES,1445
6.38393,102,P,17,0,AC_BE,YES,1446
6.38427,102,P,18,0,AC_BE,YES,1447
6.38472,102,P,19,0,AC_BE,YES,1448
6.38507,102,P,20,0,AC_BE,YES,1449
6.38542,102,P,21,0,AC_BE,YES,1450
6.38582,102,P,22,0,AC_BE,YES,1451
6.38622,102,P,23,0,AC_BE,YES,1452
6.38659,102,P,24,0,AC_BE,YES,1453
6.38703,102,P,25,0,AC_BE,YES,1454
6.38738,102,P,26,0,AC_BE,YES,1455
6.38769,102,P,27,0,AC_BE,YES,1456
6.38801,102,P,28,0,AC_BE,YES,1457
6.38841,102,P,29,0,AC_BE,YES,1458
6.41025,103,B,0,0,AC_BE,YES,1459
6.41064,103,B,1,0,AC_BE,YES,1460
6.41102,103,B,2,0,AC_BE,YES,1461
6.4114,103,B,3,0,AC_BE,YES,1462
6.41175,103,B,4,0,AC_BE,YES,1463
6.44325,104,B,0,0,AC_BE,YES,1464
6.44367,104,B,1,0,AC_BE,YES,1465
6.44408,104,B,2,0,AC_BE,YES,1466
6.44448,104,B,3,0,AC_BE,YES,1467
6.44482,104,B,4,0,AC_BE,YES,1468
6.47625,105,P,0,0,AC_BE,YES,1469
6.47669,105,P,1,0,AC_BE,YES,1470
6.47709,105,P,2,0,AC_BE,YES,1471
6.47742,105,P,3,0,AC_BE,YES,1472
6.47784,105,P,4,0,AC_BE,YES,1473
6.47823,105,P,5,0,AC_BE,YES,1474
6.47865,105,P,6,0,AC_BE,YES,1475
6.47905,105,P,7,0,AC_BE,YES,1476
6.47943,105,P,8,0,AC_BE,YES,1477
6.47976,105,P,9,0,AC_BE,YES,1478
6.48007,105,P,10,0,AC_BE,YES,1479
6.48044,105,P,11,0,AC_BE,YES,1480
6.48085,105,P,12,0,AC_BE,YES,1481
6.48117,105,P,13,0,AC_BE,YES,1482
6.48154,105,P,14,0,AC_BE,YES,1483
6.48191,105,P,15,0,AC_BE,YES,1484
6.48225,105,P,16,0,AC_BE,YES,1485
6.48268,105,P,17,0,AC_BE,YES,1486
6.48311,105,P,18,0,AC_BE,YES,1487
6.48342,105,P,19,0,AC_BE,YES,1488
6.48384,105,P,20,0,AC_BE,YES,1489
6.48418,105,P,21,0,AC_BE,YES,1490
6.48461,105,P,22,0,AC_BE,YES,1491
6.48494,105,P,23,0,AC_BE,YES,1492
6.48531,105,P,24,0,AC_BE,YES,1493
6.4857,105,P,25,0,AC_BE,YES,1494
6.48603,105,P,26,0,AC_BE,YES,1495
6.48643,105,P,27,0,AC_BE,YES,1496
6.4868,105,P,28,0,AC_BE,YES,1497
6.4872,105,P,29,0,AC_BE,YES,1498
6.50924,106,B,0,0,AC_BE,YES,1499
6.50955,106,B,1,0,AC_BE,YES,1500
6.50999,106,B,2,0,AC_BE,YES,1501
6.51043,106,B,3,0,AC_BE,YES,1502
6.51086,106,B,4,0,AC_BE,YES,1503
6.54224,107,B,0,0,AC_BE,YES,1504
6.5426,107,B,1,0,AC_BE,YES,1505
6.54291,107,B,2,0,AC_BE,YES,1506
6.54328,107,B,3,0,AC_BE,YES,1507
6.5436,107,B,4,0,AC_BE,YES,1508
6.57525,108,P,0,0,AC_BE,YES,1509
6.57563,108,P,1,0,AC_BE,YES,1510
6.57595,108,P,2,0,AC_BE,YES,1511
6.57639,108,P,3,0,AC_BE,YES,1512
6.57678,108,P,4,0,AC_BE,YES,1513
6.57722,108,P,5,0,AC_BE,YES,1514
6.5776,108,P,6,0,AC_BE,YES,1515
6.57805,108,P,7,0,AC_BE,YES,1516
6.57846,108,P,8,0,AC_BE,YES,1517
6.57891,108,P,9,0,AC_BE,YES,1518
6.57922,108,P,10,0,AC_BE,YES,1519
6.57953,108,P,11,0,AC_BE,YES,1520
6.57989,108,P,12,0,AC_BE,YES,1521
6.58032,108,P,13,0,AC_BE,YES,1522
6.58063,108,P,14,0,AC_BE,YES,1523
6.58105,108,P,15,0,AC_BE,YES,1524
6.58139,108,P,16,0,AC_BE,YES,1525
6.58173,108,P,17,0,AC_BE,YES,1526
6.58218,108,P,18,0,AC_BE,YES,1527
6.58261,108,P,19,0,AC_BE,YES,1528
6.58303,108,P,20,0,AC_BE,YES,1529
6.58344,108,P,21,0,AC_BE,YES,1530
6.58387,108,P,22,0,AC_BE,YES,1531
6.58427,108,P,23,0,AC_BE,YES,1532
6.5846,108,P,24,0,AC_BE,YES,1533
6.58499,108,P,25,0,AC_BE,YES,1534
6.58533,108,P,26,0,AC_BE,YES,1535
6.58573,108,P,27,0,AC_BE,YES,1536
6.58612,108,P,28,0,AC_BE,YES,1537
6.58647,108,P,29,0,AC_BE,YES,1538
6.60825,109,B,0,0,AC_BE,YES,1539
6.60863,109,B,1,0,AC_BE,YES,1540
6.60898,109,B,2,0,AC_BE,YES,1541
6.60934,109,B,3,0,AC_BE,YES,1542
6.60977,109,B,4,0,AC_BE,YES,1543
6.64124,110,B,0,0,AC_BE,YES,1544
6.64162,110,B,1,0,AC_BE,YES,1545
6.64201,110,B,2,0,AC_BE,YES,1546
6.64233,110,B,3,0,AC_BE,YES,1547
6.64274,110,B,4,0,AC_BE,YES,1548
6.67424,111,P,0,0,AC_BE,YES,1549
6.67456,111,P,1,0,AC_BE,YES,1550
6.67495,111,P,2,0,AC_BE,YES,1551
6.67526,111,P,3,0,AC_BE,YES,1552
6.67561,111,P,4,0,AC_BE,YES,1553
6.67602,111,P,5,0,AC_BE,YES,1554
6.67635,111,P,6,0,AC_BE,YES,1555
6.67679,111,P,7,0,AC_BE,YES,1556
6.67717,111,P,8,0,AC_BE,YES,1557
6.67758,111,P,9,0,AC_BE,YES,1558
6.67789,111,P,10,0,AC_BE,YES,1559
6.67832,111,P,11,0,AC_BE,YES,1560
6.67865,111,P,12,0,AC_BE,YES,1561
6.67909,111,P,13,0,AC_BE,YES,1562
6.67941,111,P,14,0,AC_BE,YES,1563
6.67977,111,P,15,0,AC_BE,YES,1564
6.68012,111,P,16,0,AC_BE,YES,1565
6.68049,111,P,17,0,AC_BE,YES,1566
6.68083,111,P,18,0,AC_BE,YES,1567
6.68115,111,P,19,0,AC_BE,YES,1568
6.68152,111,P,20,0,AC_BE,YES,1569
6.68184,111,P,21,0,AC_BE,YES,1570
6.68224,111,P,22,0,AC_BE,YES,1571
6.68264,111,P,23,0,AC_BE,YES,1572
6.68295,111,P,24,0,AC_BE,YES,1573
6.68331,111,P,25,0,AC_BE,YES,1574
6.68367,111,P,26,0,AC_BE,YES,1575
6.68406,111,P,27,0,AC_BE,YES,1576
6.68448,111,P,28,0,AC_BE,YES,1577
6.6848,111,P,29,0,AC_BE,YES,1578
6.70725,112,B,0,0,AC_BE,YES,1579
6.70767,112,B,1,0,AC_BE,YES,1580
6.70802,112,B,2,0,AC_BE,YES,1581
6.70835,112,B,3,0,AC_BE,YES,1582
6.70874,112,B,4,0,AC_BE,YES,1583
6.74025,113,B,0,0,AC_BE,YES,1584
6.74065,113,B,1,0,AC_BE,YES,1585
6.74101,113,B,2,0,AC_BE,YES,1586
6.74143,113,B,3,0,AC_BE,YES,1587
6.74175,113,B,4,0,AC_BE,YES,1588
6.77325,114,P,0,0,AC_BE,YES,1589
6.77368,114,P,1,0,AC_BE,YES,1590
6.77404,114,P,2,0,AC_BE,YES,1591
6.77436,114,P,3,0,AC_BE,YES,1592
6.77468,114,P,4,0,AC_BE,YES,1593
6.77509,114,P,5,0,AC_BE,YES,1594
6.7755,114,P,6,0,AC_BE,YES,1595
6.77586,114,P,7,0,AC_BE,YES,1596
6.77631,114,P,8,0,AC_BE,YES,1597
6.77672,114,P,9,0,AC_BE,YES,1598
6.77716,114,P,10,0,AC_BE,YES,1599
6.77758,114,P,11,0,AC_BE,YES,1600
6.77792,114,P,12,0,AC_BE,YES,1601
6.77823,114,P,13,0,AC_BE,YES,1602
6.7786,114,P,14,0,AC_BE,YES,1603
6.77902,114,P,15,0,AC_BE,YES,1604
6.77938,114,P,16,0,AC_BE,YES,1605
6.77982,114,P,17,0,AC_BE,YES,1606
6.78021,114,P,18,0,AC_BE,YES,1607
6.78056,114,P,19,0,AC_BE,YES,1608
6.78099,114,P,20,0,AC_BE,YES,1609
6.78131,114,P,21,0,AC_BE,YES,1610
6.78171,114,P,22,0,AC_BE,YES,1611
6.78205,114,P,23,0,AC_BE,YES,1612
6.78248,114,P,24,0,AC_BE,YES,1613
6.78284,114,P,25,0,AC_BE,YES,1614
6.78328,114,P,26,0,AC_BE,YES,1615
6.7837,114,P,27,0,AC_BE,YES,1616
6.78406,114,P,28,0,AC_BE,YES,1617
6.78437,114,P,29,0,AC_BE,YES,1618
6.80625,115,B,0,0,AC_BE,YES,1619
6.80664,115,B,1,0,AC_BE,YES,1620
6.80697,115,B,2,0,AC_BE,YES,1621
6.80732,115,B,3,0,AC_BE,YES,1622
6.80777,115,B,4,0,AC_BE,YES,1623
6.83925,116,B,0,0,AC_BE,YES,1624
6.83968,116,B,1,0,AC_BE,YES,1625
6.84012,116,B,2,0,AC_BE,YES,1626
6.84053,116,B,3,0,AC_BE,YES,1627
6.84088,116,B,4,0,AC_BE,YES,1628
6.87225,117,P,0,0,AC_BE,YES,1629
6.87268,117,P,1,0,AC_BE,YES,1630
6.87309,117,P,2,0,AC_BE,YES,1631
6.87351,117,P,3,0,AC_BE,YES,1632
6.87382,117,P,4,0,AC_BE,YES,1633
6.8742,117,P,5,0,AC_BE,YES,1634
6.87457,117,P,6,0,AC_BE,YES,1635
6.8749,117,P,7,0,AC_BE,YES,1636
6.87528,117,P,8,0,AC_BE,YES,1637
6.87559,117,P,9,0,AC_BE,YES,1638
6.87596,117,P,10,0,AC_BE,YES,1639
6.87635,117,P,11,0,AC_BE,YES,1640
6.87678,117,P,12,0,AC_BE,YES,1641
6.87714,117,P,13,0,AC_BE,YES,1642
6.87754,117,P,14,0,AC_BE,YES,1643
6.87798,117,P,15,0,AC_BE,YES,1644
6.8783,117,P,16,0,AC_BE,YES,1645
6.87874,117,P,17,0,AC_BE,YES,1646
6.87914,117,P,18,0,AC_BE,YES,1647
6.8795,117,P,19,0,AC_BE,YES,1648
6.87985,117,P,20,0,AC_BE,YES,1649
6.88028,117,P,21,0,AC_BE,YES,1650
6.88066,117,P,22,0,AC_BE,YES,1651
6.88102,117,P,23,0,AC_BE,YES,1652
6.88143,117,P,24,0,AC_BE,YES,1653
6.88177,117,P,25,0,AC_BE,YES,1654
6.88217,117,P,26,0,AC_BE,YES,1655
6.8826,117,P,27,0,AC_BE,YES,1656
6.88297,117,P,28,0,AC_BE,YES,1657
6.88333,117,P,29,0,AC_BE,YES,1658
6.90524,118,B,0,0,AC_BE,YES,1659
6.90561,118,B,1,0,AC_BE,YES,1660
6.90605,118,B,2,0,AC_BE,YES,1661
6.90647,118,B,3,0,AC_BE,YES,1662
6.90689,118,B,4,0,AC_BE,YES,1663
6.93825,119,P,0,0,AC_BE,YES,1664
6.93862,119,P,1,0,AC_BE,YES,1665
6.93903,119,P,2,0,AC_BE,YES,1666
6.93945,119,P,3,0,AC_BE,YES,1667
6.93977,119,P,4,0,AC_BE,YES,1668
6.94015,119,P,5,0,AC_BE,YES,1669
6.94054,119,P,6,0,AC_BE,YES,1670
6.94097,119,P,7,0,AC_BE,YES,1671
6.94138,119,P,8,0,AC_BE,YES,1672
6.94172,119,P,9,0,AC_BE,YES,1673
6.94211,119,P,10,0,AC_BE,YES,1674
6.94254,119,P,11,0,AC_BE,YES,1675
6.94285,119,P,12,0,AC_BE,YES,1676
6.94317,119,P,13,0,AC_BE,YES,1677
6.94355,119,P,14,0,AC_BE,YES,1678
6.94395,119,P,15,0,AC_BE,YES,1679
6.94438,119,P,16,0,AC_BE,YES,1680
6.94469,119,P,17,0,AC_BE,YES,1681
6.94513,119,P,18,0,AC_BE,YES,1682
6.94552,119,P,19,0,AC_BE,YES,1683
6.94583,119,P,20,0,AC_BE,YES,1684
6.94624,119,P,21,0,AC_BE,YES,1685
6.94667,119,P,22,0,AC_BE,YES,1686
6.9471,119,P,23,0,AC_BE,YES,1687
6.9475,119,P,24,0,AC_BE,YES,1688
6.94787,119,P,25,0,AC_BE,YES,1689
6.94823,119,P,26,0,AC_BE,YES,1690
6.9486,119,P,27,0,AC_BE,YES,1691
6.94905,119,P,28,0,AC_BE,YES,1692
6.94948,119,P,29,0,AC_BE,YES,1693
6.97127,120,I,0,0,AC_BE,YES,1694
6.97171,120,I,1,0,AC_BE,YES,1695
6.97215,120,I,2,0,AC_BE,YES,1696
6.97254,120,I,3,0,AC_BE,YES,1697
6.97291,120,I,4,0,AC_BE,YES,1698
6.97322,120,I,5,0,AC_BE,YES,1699
6.97357,120,I,6,0,AC_BE,YES,1700
6.97396,120,I,7,0,AC_BE,YES,1701
6.97432,120,I,8,0,AC_BE,YES,1702
6.97463,120,I,9,0,AC_BE,YES,1703
6.97502,120,I,10,0,AC_BE,YES,1704
6.97544,120,I,11,0,AC_BE,YES,1705
6.97583,120,I,12,0,AC_BE,YES,1706
6.97619,120,I,13,0,AC_BE,YES,1707
6.9766,120,I,14,0,AC_BE,YES,1708
6.97702,120,I,15,0,AC_BE,YES,1709
6.97745,120,I,16,0,AC_BE,YES,1710
6.97782,120,I,17,0,AC_BE,YES,1711
6.97818,120,I,18,0,AC_BE,YES,1712
6.97849,120,I,19,0,AC_BE,YES,1713
6.97891,120,I,20,0,AC_BE,YES,1714
6.97923,120,I,21,0,AC_BE,YES,1715
6.97968,120,I,22,0,AC_BE,YES,1716
6.98012,120,I,23,0,AC_BE,YES,1717
6.98051,120,I,24,0,AC_BE,YES,1718
6.98085,120,I,25,0,AC_BE,YES,1719
6.98124,120,I,26,0,AC_BE,YES,1720
6.98157,120,I,27,0,AC_BE,YES,1721
6.9819,120,I,28,0,AC_BE,YES,1722
6.98223,120,I,29,0,AC_BE,YES,1723
6.98261,120,I,30,0,AC_BE,YES,1724
6.98295,120,I,31,0,AC_BE,YES,1725
6.98338,120,I,32,0,AC_BE,YES,1726
6.98369,120,I,33,0,AC_BE,YES,1727
6.98414,120,I,34,0,AC_BE,YES,1728
6.98449,120,I,35,0,AC_BE,YES,1729
6.98489,120,I,36,0,AC_BE,YES,1730
6.98528,120,I,37,0,AC_BE,YES,1731
6.98571,120,I,38,0,AC_BE,YES,1732
6.98605,120,I,39,0,AC_BE,YES,1733
6.98639,120,I,40,0,AC_BE,YES,1734
6.98681,120,I,41,0,AC_BE,YES,1735
6.98719,120,I,42,0,AC_BE,YES,1736
6.98759,120,I,43,0,AC_BE,YES,1737
6.98801,120,I,44,0,AC_BE,YES,1738
6.98845,120,I,45,0,AC_BE,YES,1739
6.98878,120,I,46,0,AC_BE,YES,1740
6.98914,120,I,47,0,AC_BE,YES,1741
6.98948,120,I,48,0,AC_BE,YES,1742
6.9898,120,I,49,0,AC_BE,YES,1743
7.00425,121,B,0,0,AC_BE,YES,1744
7.00458,121,B,1,0,AC_BE,YES,1745
7.00493,121,B,2,0,AC_BE,YES,1746
7.0053,121,B,3,0,AC_BE,YES,1747
7.00574,121,B,4,0,AC_BE,YES,1748
7.03725,122,B,0,0,AC_BE,YES,1749
7.03758,122,B,1,0,AC_BE,YES,1750
7.03798,122,B,2,0,AC_BE,YES,1751
7.03835,122,B,3,0,AC_BE,YES,1752
7.03879,122,B,4,0,AC_BE,YES,1753
7.07025,123,P,0,0,AC_BE,YES,1754
7.07066,123,P,1,0,AC_BE,YES,1755
7.07101,123,P,2,0,AC_BE,YES,1756
7.07145,123,P,3,0,AC_BE,YES,1757
7.07375,123,P,4,0,AC_BE,YES,1758
7.07412,123,P,5,0,AC_BE,YES,1759
7.07449,123,P,6,0,AC_BE,YES,1760
7.07485,123,P,7,0,AC_BE,YES,1761
7.07525,123,P,8,0,AC_BE,YES,1762
7.07558,123,P,9,0,AC_BE,YES,1763
7.07591,123,P,10,0,AC_BE,YES,1764
7.07626,123,P,11,0,AC_BE,YES,1765
7.07658,123,P,12,0,AC_BE,YES,1766
7.0769,123,P,13,0,AC_BE,YES,1767
7.07728,123,P,14,0,AC_BE,YES,1768
7.07762,123,P,15,0,AC_BE,YES,1769
7.07794,123,P,16,0,AC_BE,YES,1770
7.07832,123,P,17,0,AC_BE,YES,1771
7.07863,123,P,18,0,AC_BE,YES,1772
7.079,123,P,19,0,AC_BE,YES,1773
7.0794,123,P,20,0,AC_BE,YES,1774
7.07981,123,P,21,0,AC_BE,YES,1775
7.08025,123,P,22,0,AC_BE,YES,1776
7.08065,123,P,23,0,AC_BE,YES,1777
7.08099,123,P,24,0,AC_BE,YES,1778
7.08136,123,P,25,0,AC_BE,YES,1779
7.0818,123,P,26,0,AC_BE,YES,1780
7.08215,123,P,27,0,AC_BE,YES,1781
7.08257,123,P,28,0,AC_BE,YES,1782
7.08301,123,P,29,0,AC_BE,YES,1783
7.10325,124,B,0,0,AC_BE,YES,1784
7.10359,124,B,1,0,AC_BE,YES,1785
7.10398,124,B,2,0,AC_BE,YES,1786
7.10429,124,B,3,0,AC_BE,YES,1787
7.1046,124,B,4,0,AC_BE,YES,1788
7.13625,125,B,0,0,AC_BE,YES,1789
7.13661,125,B,1,0,AC_BE,YES,1790
7.13698,125,B,2,0,AC_BE,YES,1791
7.13735,125,B,3,0,AC_BE,YES,1792
7.13772,125,B,4,0,AC_BE,YES,1793
7.16925,126,P,0,0,AC_BE,YES,1794
7.16968,126,P,1,0,AC_BE,YES,1795
7.17002,126,P,2,0,AC_BE,YES,1796
7.17045,126,P,3,0,AC_BE,YES,1797
7.17077,126,P,4,0,AC_BE,YES,1798
7.17121,126,P,5,0,AC_BE,YES,1799
7.17153,126,P,6,0,AC_BE,YES,1800
7.17188,126,P,7,0,AC_BE,YES,1801
7.17225,126,P,8,0,AC_BE,YES,1802
7.17262,126,P,9,0,AC_BE,YES,1803
7.17301,126,P,10,0,AC_BE,YES,1804
7.17344,126,P,11,0,AC_BE,YES,1805
7.17384,126,P,12,0,AC_BE,YES,1806
7.17617,126,P,13,0,AC_BE,YES,1807
7.1766,126,P,14,0,AC_BE,YES,1808
7.17696,126,P,15,0,AC_BE,YES,1809
7.17731,126,P,16,0,AC_BE,YES,1810
7.17765,126,P,17,0,AC_BE,YES,1811
7.17808,126,P,18,0,AC_BE,YES,1812
7.17849,126,P,19,0,AC_BE,YES,1813
7.17893,126,P,20,0,AC_BE,YES,1814
7.17929,126,P,21,0,AC_BE,YES,1815
7.17974,126,P,22,0,AC_BE,YES,1816
7.18014,126,P,23,0,AC_BE,YES,1817
7.18051,126,P,24,0,AC_BE,YES,1818
7.18092,126,P,25,0,AC_BE,YES,1819
7.18127,126,P,26,0,AC_BE,YES,1820
7.18166,126,P,27,0,AC_BE,YES,1821
7.18201,126,P,28,0,AC_BE,YES,1822
7.1824,126,P,29,0,AC_BE,YES,1823
7.20224,127,B,0,0,AC_BE,YES,1824
7.20256,127,B,1,0,AC_BE,YES,1825
7.20294,127,B,2,0,AC_BE,YES,1826
7.20328,127,B,3,0,AC_BE,YES,1827
7.20371,127,B,4,0,AC_BE,YES,1828
7.23525,128,B,0,0,AC_BE,YES,1829
7.23556,128,B,1,0,AC_BE,YES,1830
7.23593,128,B,2,0,AC_BE,YES,1831
7.23629,128,B,3,0,AC_BE,YES,1832
7.23673,128,B,4,0,AC_BE,YES,1833
7.26825,129,P,0,0,AC_BE,YES,1834
7.26866,129,P,1,0,AC_BE,YES,1835
7.2691,129,P,2,0,AC_BE,YES,1836
7.26941,129,P,3,0,AC_BE,YES,1837
7.26977,129,P,4,0,AC_BE,YES,1838
7.27018,129,P,5,0,AC_BE,YES,1839
7.27049,129,P,6,0,AC_BE,YES,1840
7.2709,129,P,7,0,AC_BE,YES,1841
7.27131,129,P,8,0,AC_BE,YES,1842
7.27175,129,P,9,0,AC_BE,YES,1843
7.27212,129,P,10,0,AC_BE,YES,1844
7.27253,129,P,11,0,AC_BE,YES,1845
7.27295,129,P,12,0,AC_BE,YES,1846
7.27326,129,P,13,0,AC_BE,YES,1847
7.2736,129,P,14,0,AC_BE,YES,1848
7.27393,129,P,15,0,AC_BE,YES,1849
7.27428,129,P,16,0,AC_BE,YES,1850
7.27465,129,P,17,0,AC_BE,YES,1851
7.2751,129,P,18,0,AC_BE,YES,1852
7.2755,129,P,19,0,AC_BE,YES,1853
7.27594,129,P,20,0,AC_BE,YES,1854
7.27637,129,P,21,0,AC_BE,YES,1855
7.27877,129,P,22,0,AC_BE,YES,1856
7.27909,129,P,23,0,AC_BE,YES,1857
7.27951,129,P,24,0,AC_BE,YES,1858
7.27988,129,P,25,0,AC_BE,YES,1859
7.28023,129,P,26,0,AC_BE,YES,1860
7.28059,129,P,27,0,AC_BE,YES,1861
7.28102,129,P,28,0,AC_BE,YES,1862
7.28144,129,P,29,0,AC_BE,YES,1863
7.30124,130,B,0,0,AC_BE,YES,1864
7.30161,130,B,1,0,AC_BE,YES,1865
7.30197,130,B,2,0,AC_BE,YES,1866
7.30238,130,B,3,0,AC_BE,YES,1867
7.30275,130,B,4,0,AC_BE,YES,1868
7.33425,131,B,0,0,AC_BE,YES,1869
7.33469,131,B,1,0,AC_BE,YES,1870
7.33507,131,B,2,0,AC_BE,YES,1871
7.33547,131,B,3,0,AC_BE,YES,1872
7.33586,131,B,4,0,AC_BE,YES,1873
7.36725,132,P,0,0,AC_BE,YES,1874
7.36759,132,P,1,0,AC_BE,YES,1875
7.3679,132,P,2,0,AC_BE,YES,1876
7.36823,132,P,3,0,AC_BE,YES,1877
7.36864,132,P,4,0,AC_BE,YES,1878
7.36899,132,P,5,0,AC_BE,YES,1879
7.36943,132,P,6,0,AC_BE,YES,1880
7.36979,132,P,7,0,AC_BE,YES,1881
7.37015,132,P,8,0,AC_BE,YES,1882
7.37058,132,P,9,0,AC_BE,YES,1883
7.37093,132,P,10,0,AC_BE,YES,1884
7.37138,132,P,11,0,AC_BE,YES,1885
7.37175,132,P,12,0,AC_BE,YES,1886
7.37216,132,P,13,0,AC_BE,YES,1887
7.37252,132,P,14,0,AC_BE,YES,1888
7.37292,132,P,15,0,AC_BE,YES,1889
7.37336,132,P,16,0,AC_BE,YES,1890
7.37381,132,P,17,0,AC_BE,YES,1891
7.37421,132,P,18,0,AC_BE,YES,1892
7.37458,132,P,19,0,AC_BE,YES,1893
7.3749,132,P,20,0,AC_BE,YES,1894
7.37529,132,P,21,0,AC_BE,YES,1895
7.37568,132,P,22,0,AC_BE,YES,1896
7.3761,132,P,23,0,AC_BE,YES,1897
7.37647,132,P,24,0,AC_BE,YES,1898
7.3768,132,P,25,0,AC_BE,YES,1899
7.37711,132,P,26,0,AC_BE,YES,1900
7.37751,132,P,27,0,AC_BE,YES,1901
7.37792,132,P,28,0,AC_BE,YES,1902
7.37828,132,P,29,0,AC_BE,YES,1903
7.40025,133,B,0,0,AC_BE,YES,1904
7.40063,133,B,1,0,AC_BE,YES,1905
7.40105,133,B,2,0,AC_BE,YES,1906
7.40147,133,B,3,0,AC_BE,YES,1907
7.40183,133,B,4,0,AC_BE,YES,1908
7.43324,134,B,0,0,AC_BE,YES,1909
7.43366,134,B,1,0,AC_BE,YES,1910
7.43398,134,B,2,0,AC_BE,YES,1911
7.43441,134,B,3,0,AC_BE,YES,1912
7.43475,134,B,4,0,AC_BE,YES,1913
7.46625,135,P,0,0,AC_BE,YES,1914
7.46666,135,P,1,0,AC_BE,YES,1915
7.46702,135,P,2,0,AC_BE,YES,1916
7.46747,135,P,3,0,AC_BE,YES,1917
7.46781,135,P,4,0,AC_BE,YES,1918
7.46826,135,P,5,0,AC_BE,YES,1919
7.46857,135,P,6,0,AC_BE,YES,1920
7.46891,135,P,7,0,AC_BE,YES,1921
7.46931,135,P,8,0,AC_BE,YES,1922
7.46969,135,P,9,0,AC_BE,YES,1923
7.47014,135,P,10,0,AC_BE,YES,1924
7.47058,135,P,11,0,AC_BE,YES,1925
7.47096,135,P,12,0,AC_BE,YES,1926
7.47131,135,P,13,0,AC_BE,YES,1927
7.47163,135,P,14,0,AC_BE,YES,1928
7.47206,135,P,15,0,AC_BE,YES,1929
7.47245,135,P,16,0,AC_BE,YES,1930
7.47277,135,P,17,0,AC_BE,YES,1931
7.47308,135,P,18,0,AC_BE,YES,1932
7.47347,135,P,19,0,AC_BE,YES,1933
7.4739,135,P,20,0,AC_BE,YES,1934
7.47428,135,P,21,0,AC_BE,YES,1935
7.47468,135,P,22,0,AC_BE,YES,1936
7.47502,135,P,23,0,AC_BE,YES,1937
7.47536,135,P,24,0,AC_BE,YES,1938
7.47576,135,P,25,0,AC_BE,YES,1939
7.47612,135,P,26,0,AC_BE,YES,1940
7.47649,135,P,27,0,AC_BE,YES,1941
7.47689,135,P,28,0,AC_BE,YES,1942
7.47732,135,P,29,0,AC_BE,YES,1943
7.49925,136,B,0,0,AC_BE,YES,1944
7.49957,136,B,1,0,AC_BE,YES,1945
7.50001,136,B,2,0,AC_BE,YES,1946
7.50035,136,B,3,0,AC_BE,YES,1947
7.50075,136,B,4,0,AC_BE,YES,1948
7.53225,137,B,0,0,AC_BE,YES,1949
7.53266,137,B,1,0,AC_BE,YES,1950
7.53308,137,B,2,0,AC_BE,YES,1951
7.53352,137,B,3,0,AC_BE,YES,1952
7.5339,137,B,4,0,AC_BE,YES,1953
7.56524,138,P,0,0,AC_BE,YES,1954
7.56564,138,P,1,0,AC_BE,YES,1955
7.56605,138,P,2,0,AC_BE,YES,1956
7.56637,138,P,3,0,AC_BE,YES,1957
7.56676,138,P,4,0,AC_BE,YES,1958
7.56714,138,P,5,0,AC_BE,YES,1959
7.56746,138,P,6,0,AC_BE,YES,1960
7.56778,138,P,7,0,AC_BE,YES,1961
7.56813,138,P,8,0,AC_BE,YES,1962
7.56856,138,P,9,0,AC_BE,YES,1963
7.56895,138,P,10,0,AC_BE,YES,1964
7.56939,138,P,11,0,AC_BE,YES,1965
7.56976,138,P,12,0,AC_BE,YES,1966
7.5702,138,P,13,0,AC_BE,YES,1967
7.57051,138,P,14,0,AC_BE,YES,1968
7.57094,138,P,15,0,AC_BE,YES,1969
7.57125,138,P,16,0,AC_BE,YES,1970
7.57161,138,P,17,0,AC_BE,YES,1971
7.57198,138,P,18,0,AC_BE,YES,1972
7.57237,138,P,19,0,AC_BE,YES,1973
7.57272,138,P,20,0,AC_BE,YES,1974
7.57304,138,P,21,0,AC_BE,YES,1975
7.57339,138,P,22,0,AC_BE,YES,1976
7.57372,138,P,23,0,AC_BE,YES,1977
7.57416,138,P,24,0,AC_BE,YES,1978
7.57457,138,P,25,0,AC_BE,YES,1979
7.57495,138,P,26,0,AC_BE,YES,1980
7.57539,138,P,27,0,AC_BE,YES,1981
7.57579,138,P,28,0,AC_BE,YES,1982
7.57616,138,P,29,0,AC_BE,YES,1983
7.59825,139,B,0,0,AC_BE,YES,1984
7.59864,139,B,1,0,AC_BE,YES,1985
7.59904,139,B,2,0,AC_BE,YES,1986
7.59941,139,B,3,0,AC_BE,YES,1987
7.59974,139,B,4,0,AC_BE,YES,1988
7.63125,140,B,0,0,AC_BE,YES,1989
7.63164,140,B,1,0,AC_BE,YES,1990
7.63199,140,B,2,0,AC_BE,YES,1991
7.63242,140,B,3,0,AC_BE,YES,1992
7.63277,140,B,4,0,AC_BE,YES,1993
7.66425,141,P,0,0,AC_BE,YES,1994
7.66461,141,P,1,0,AC_BE,YES,1995
7.66496,141,P,2,0,AC_BE,YES,1996
7.66535,141,P,3,0,AC_BE,YES,1997
7.6657,141,P,4,0,AC_BE,YES,1998
7.66613,141,P,5,0,AC_BE,YES,1999
7.66658,141,P,6,0,AC_BE,YES,2000
7.66698,141,P,7,0,AC_BE,YES,2001
7.66734,141,P,8,0,AC_BE,YES,2002
7.66778,141,P,9,0,AC_BE,YES,2003
7.66823,141,P,10,0,AC_BE,YES,2004
7.66864,141,P,11,0,AC_BE,YES,2005
7.66909,141,P,12,0,AC_BE,YES,2006
7.66948,141,P,13,0,AC_BE,YES,2007
7.66987,141,P,14,0,AC_BE,YES,2008
7.6702,141,P,15,0,AC_BE,YES,2009
7.67052,141,P,16,0,AC_BE,YES,2010
7.67095,141,P,17,0,AC_BE,YES,2011
7.67132,141,P,18,0,AC_BE,YES,2012
7.67163,141,P,19,0,AC_BE,YES,2013
7.67202,141,P,20,0,AC_BE,YES,2014
7.6724,141,P,21,0,AC_BE,YES,2015
7.67281,141,P,22,0,AC_BE,YES,2016
7.67325,141,P,23,0,AC_BE,YES,2017
7.67367,141,P,24,0,AC_BE,YES,2018
7.67403,141,P,25,0,AC_BE,YES,2019
7.67436,141,P,26,0,AC_BE,YES,2020
7.67468,141,P,27,0,AC_BE,YES,2021
7.675,141,P,28,0,AC_BE,YES,2022
7.67543,141,P,29,0,AC_BE,YES,2023
7.69725,142,B,0,0,AC_BE,YES,2024
7.69767,142,B,1,0,AC_BE,YES,2025
7.698,142,B,2,0,AC_BE,YES,2026
7.69836,142,B,3,0,AC_BE,YES,2027
7.69867,142,B,4,0,AC_BE,YES,2028
7.73025,143,B,0,0,AC_BE,YES,2029
7.73069,143,B,1,0,AC_BE,YES,2030
7.73112,143,B,2,0,AC_BE,YES,2031
7.73144,143,B,3,0,AC_BE,YES,2032
7.73177,143,B,4,0,AC_BE,YES,2033
7.76325,144,P,0,0,AC_BE,YES,2034
7.76359,144,P,1,0,AC_BE,YES,2035
7.76393,144,P,2,0,AC_BE,YES,2036
7.76437,144,P,3,0,AC_BE,YES,2037
7.76472,144,P,4,0,AC_BE,YES,2038
7.76505,144,P,5,0,AC_BE,YES,2039
7.76545,144,P,6,0,AC_BE,YES,2040
7.76586,144,P,7,0,AC_BE,YES,2041
7.76622,144,P,8,0,AC_BE,YES,2042
7.76662,144,P,9,0,AC_BE,YES,2043
7.76703,144,P,10,0,AC_BE,YES,2044
7.76744,144,P,11,0,AC_BE,YES,2045
7.76786,144,P,12,0,AC_BE,YES,2046
7.76827,144,P,13,0,AC_BE,YES,2047
7.76868,144,P,14,0,AC_BE,YES,2048
7.76908,144,P,15,0,AC_BE,YES,2049
7.76947,144,P,16,0,AC_BE,YES,2050
7.76989,144,P,17,0,AC_BE,YES,2051
7.77029,144,P,18,0,AC_BE,YES,2052
7.77072,144,P,19,0,AC_BE,YES,2053
7.77115,144,P,20,0,AC_BE,YES,2054
7.77152,144,P,21,0,AC_BE,YES,2055
7.77197,144,P,22,0,AC_BE,YES,2056
7.77229,144,P,23,0,AC_BE,YES,2057
7.77268,144,P,24,0,AC_BE,YES,2058
7.77305,144,P,25,0,AC_BE,YES,2059
7.77349,144,P,26,0,AC_BE,YES,2060
7.77381,144,P,27,0,AC_BE,YES,2061
7.77417,144,P,28,0,AC_BE,YES,2062
7.77449,144,P,29,0,AC_BE,YES,2063
7.79624,145,B,0,0,AC_BE,YES,2064
7.79664,145,B,1,0,AC_BE,YES,2065
7.79696,145,B,2,0,AC_BE,YES,2066
7.79735,145,B,3,0,AC_BE,YES,2067
7.79772,145,B,4,0,AC_BE,YES,2068
7.82924,146,B,0,0,AC_BE,YES,2069
7.82956,146,B,1,0,AC_BE,YES,2070
7.82998,146,B,2,0,AC_BE,YES,2071
7.83039,146,B,3,0,AC_BE,YES,2072
7.83071,146,B,4,0,AC_BE,YES,2073
7.86225,147,P,0,0,AC_BE,YES,2074
7.86258,147,P,1,0,AC_BE,YES,2075
7.86294,147,P,2,0,AC_BE,YES,2076
7.86336,147,P,3,0,AC_BE,YES,2077
7.86377,147,P,4,0,AC_BE,YES,2078
7.86414,147,P,5,0,AC_BE,YES,2079
7.86456,147,P,6,0,AC_BE,YES,2080
7.865,147,P,7,0,AC_BE,YES,2081
7.86534,147,P,8,0,AC_BE,YES,2082
7.86569,147,P,9,0,AC_BE,YES,2083
7.8661,147,P,10,0,AC_BE,YES,2084
7.86649,147,P,11,0,AC_BE,YES,2085
7.86687,147,P,12,0,AC_BE,YES,2086
7.86726,147,P,13,0,AC_BE,YES,2087
7.86767,147,P,14,0,AC_BE,YES,2088
7.86807,147,P,15,0,AC_BE,YES,2089
7.86846,147,P,16,0,AC_BE,YES,2090
7.86889,147,P,17,0,AC_BE,YES,2091
7.86921,147,P,18,0,AC_BE,YES,2092
7.86953,147,P,19,0,AC_BE,YES,2093
7.86988,147,P,20,0,AC_BE,YES,2094
7.87021,147,P,21,0,AC_BE,YES,2095
7.87059,147,P,22,0,AC_BE,YES,2096
7.87092,147,P,23,0,AC_BE,YES,2097
7.87131,147,P,24,0,AC_BE,YES,2098
7.87164,147,P,25,0,AC_BE,YES,2099
7.87207,147,P,26,0,AC_BE,YES,2100
7.87252,147,P,27,0,AC_BE,YES,2101
7.87295,147,P,28,0,AC_BE,YES,2102
7.87327,147,P,29,0,AC_BE,YES,2103
7.89525,148,B,0,0,AC_BE,YES,2104
7.89565,148,B,1,0,AC_BE,YES,2105
7.89609,148,B,2,0,AC_BE,YES,2106
7.89647,148,B,3,0,AC_BE,YES,2107
7.89685,148,B,4,0,AC_BE,YES,2108
7.92824,149,B,0,0,AC_BE,YES,2109
7.92855,149,B,1,0,AC_BE,YES,2110
7.929,149,B,2,0,AC_BE,YES,2111
7.92932,149,B,3,0,AC_BE,YES,2112
7.92968,149,B,4,0,AC_BE,YES,2113
7.96124,150,P,0,0,AC_BE,YES,2114
7.96168,150,P,1,0,AC_BE,YES,2115
7.96199,150,P,2,0,AC_BE,YES,2116
7.96231,150,P,3,0,AC_BE,YES,2117
7.96269,150,P,4,0,AC_BE,YES,2118
7.96301,150,P,5,0,AC_BE,YES,2119
7.96335,150,P,6,0,AC_BE,YES,2120
7.9637,150,P,7,0,AC_BE,YES,2121
7.9641,150,P,8,0,AC_BE,YES,2122
7.96442,150,P,9,0,AC_BE,YES,2123
7.9648,150,P,10,0,AC_BE,YES,2124
7.96513,150,P,11,0,AC_BE,YES,2125
7.96558,150,P,12,0,AC_BE,YES,2126
7.96593,150,P,13,0,AC_BE,YES,2127
7.96635,150,P,14,0,AC_BE,YES,2128
7.96675,150,P,15,0,AC_BE,YES,2129
7.96719,150,P,16,0,AC_BE,YES,2130
7.96763,150,P,17,0,AC_BE,YES,2131
7.96795,150,P,18,0,AC_BE,YES,2132
7.96826,150,P,19,0,AC_BE,YES,2133
7.9687,150,P,20,0,AC_BE,YES,2134
7.96911,150,P,21,0,AC_BE,YES,2135
7.96946,150,P,22,0,AC_BE,YES,2136
7.96981,150,P,23,0,AC_BE,YES,2137
7.97016,150,P,24,0,AC_BE,YES,2138
7.97059,150,P,25,0,AC_BE,YES,2139
7.97101,150,P,26,0,AC_BE,YES,2140
7.97142,150,P,27,0,AC_BE,YES,2141
7.97174,150,P,28,0,AC_BE,YES,2142
7.97217,150,P,29,0,AC_BE,YES,2143
7.99537,151,B,0,0,AC_BE,YES,2144
7.99581,151,B,1,0,AC_BE,YES,2145
7.99617,151,B,2,0,AC_BE,YES,2146
7.99648,151,B,3,0,AC_BE,YES,2147
7.99682,151,B,4,0,AC_BE,YES,2148
8.02725,152,B,0,0,AC_BE,YES,2149
8.02765,152,B,1,0,AC_BE,YES,2150
8.02806,152,B,2,0,AC_BE,YES,2151
8.02838,152,B,3,0,AC_BE,YES,2152
8.02877,152,B,4,0,AC_BE,YES,2153
8.06024,153,P,0,0,AC_BE,YES,2154
8.06067,153,P,1,0,AC_BE,YES,2155
8.06098,153,P,2,0,AC_BE,YES,2156
8.06132,153,P,3,0,AC_BE,YES,2157
8.06171,153,P,4,0,AC_BE,YES,2158
8.06208,153,P,5,0,AC_BE,YES,2159
8.06244,153,P,6,0,AC_BE,YES,2160
8.06281,153,P,7,0,AC_BE,YES,2161
8.06319,153,P,8,0,AC_BE,YES,2162
8.06352,153,P,9,0,AC_BE,YES,2163
8.06396,153,P,10,0,AC_BE,YES,2164
8.06438,153,P,11,0,AC_BE,YES,2165
8.06473,153,P,12,0,AC_BE,YES,2166
8.06517,153,P,13,0,AC_BE,YES,2167
8.06555,153,P,14,0,AC_BE,YES,2168
8.06591,153,P,15,0,AC_BE,YES,2169
8.06622,153,P,16,0,AC_BE,YES,2170
8.06658,153,P,17,0,AC_BE,YES,2171
8.06692,153,P,18,0,AC_BE,YES,2172
8.0673,153,P,19,0,AC_BE,YES,2173
8.06766,153,P,20,0,AC_BE,YES,2174
8.06809,153,P,21,0,AC_BE,YES,2175
8.06843,153,P,22,0,AC_BE,YES,2176
8.06885,153,P,23,0,AC_BE,YES,2177
8.06917,153,P,24,0,AC_BE,YES,2178
8.06959,153,P,25,0,AC_BE,YES,2179
8.07,153,P,26,0,AC_BE,YES,2180
8.0704,153,P,27,0,AC_BE,YES,2181
8.07074,153,P,28,0,AC_BE,YES,2182
8.07116,153,P,29,0,AC_BE,YES,2183
8.09325,154,B,0,0,AC_BE,YES,2184
8.09364,154,B,1,0,AC_BE,YES,2185
8.09404,154,B,2,0,AC_BE,YES,2186
8.0944,154,B,3,0,AC_BE,YES,2187
8.09471,154,B,4,0,AC_BE,YES,2188
8.12625,155,B,0,0,AC_BE,YES,2189
8.1267,155,B,1,0,AC_BE,YES,2190
8.12703,155,B,2,0,AC_BE,YES,2191
8.12746,155,B,3,0,AC_BE,YES,2192
8.1279,155,B,4,0,AC_BE,YES,2193
8.15925,156,P,0,0,AC_BE,YES,2194
8.15957,156,P,1,0,AC_BE,YES,2195
8.15989,156,P,2,0,AC_BE,YES,2196
8.16025,156,P,3,0,AC_BE,YES,2197
8.16068,156,P,4,0,AC_BE,YES,2198
8.16102,156,P,5,0,AC_BE,YES,2199
8.16137,156,P,6,0,AC_BE,YES,2200
8.16182,156,P,7,0,AC_BE,YES,2201
8.16215,156,P,8,0,AC_BE,YES,2202
8.16253,156,P,9,0,AC_BE,YES,2203
8.16289,156,P,10,0,AC_BE,YES,2204
8.16321,156,P,11,0,AC_BE,YES,2205
8.16363,156,P,12,0,AC_BE,YES,2206
8.16394,156,P,13,0,AC_BE,YES,2207
8.16426,156,P,14,0,AC_BE,YES,2208
8.16463,156,P,15,0,AC_BE,YES,2209
8.16501,156,P,16,0,AC_BE,YES,2210
8.16542,156,P,17,0,AC_BE,YES,2211
8.16586,156,P,18,0,AC_BE,YES,2212
8.16619,156,P,19,0,AC_BE,YES,2213
8.16654,156,P,20,0,AC_BE,YES,2214
8.1669,156,P,21,0,AC_BE,YES,2215
8.16731,156,P,22,0,AC_BE,YES,2216
8.16765,156,P,23,0,AC_BE,YES,2217
8.16802,156,P,24,0,AC_BE,YES,2218
8.16836,156,P,25,0,AC_BE,YES,2219
8.16867,156,P,26,0,AC_BE,YES,2220
8.16906,156,P,27,0,AC_BE,YES,2221
8.16938,156,P,28,0,AC_BE,YES,2222
8.16975,156,P,29,0,AC_BE,YES,2223
8.19225,157,B,0,0,AC_BE,YES,2224
8.19266,157,B,1,0,AC_BE,YES,2225
8.19297,157,B,2,0,AC_BE,YES,2226
8.19338,157,B,3,0,AC_BE,YES,2227
8.19375,157,B,4,0,AC_BE,YES,2228
8.22525,158,B,0,0,AC_BE,YES,2229
8.22559,158,B,1,0,AC_BE,YES,2230
8.22593,158,B,2,0,AC_BE,YES,2231
8.22638,158,B,3,0,AC_BE,YES,2232
8.22671,158,B,4,0,AC_BE,YES,2233
8.25825,159,P,0,0,AC_BE,YES,2234
8.25869,159,P,1,0,AC_BE,YES,2235
8.25914,159,P,2,0,AC_BE,YES,2236
8.25958,159,P,3,0,AC_BE,YES,2237
8.25993,159,P,4,0,AC_BE,YES,2238
8.26026,159,P,5,0,AC_BE,YES,2239
8.26067,159,P,6,0,AC_BE,YES,2240
8.26103,159,P,7,0,AC_BE,YES,2241
8.26144,159,P,8,0,AC_BE,YES,2242
8.26175,159,P,9,0,AC_BE,YES,2243
8.26215,159,P,10,0,AC_BE,YES,2244
8.26258,159,P,11,0,AC_BE,YES,2245
8.26289,159,P,12,0,AC_BE,YES,2246
8.26324,159,P,13,0,AC_BE,YES,2247
8.26362,159,P,14,0,AC_BE,YES,2248
8.26407,159,P,15,0,AC_BE,YES,2249
8.2645,159,P,16,0,AC_BE,YES,2250
8.2649,159,P,17,0,AC_BE,YES,2251
8.26526,159,P,18,0,AC_BE,YES,2252
8.26562,159,P,19,0,AC_BE,YES,2253
8.26605,159,P,20,0,AC_BE,YES,2254
8.26637,159,P,21,0,AC_BE,YES,2255
8.2667,159,P,22,0,AC_BE,YES,2256
8.26712,159,P,23,0,AC_BE,YES,2257
8.26749,159,P,24,0,AC_BE,YES,2258
8.2679,159,P,25,0,AC_BE,YES,2259
8.26823,159,P,26,0,AC_BE,YES,2260
8.26858,159,P,27,0,AC_BE,YES,2261
8.26896,159,P,28,0,AC_BE,YES,2262
8.2694,159,P,29,0,AC_BE,YES,2263
8.29124,160,B,0,0,AC_BE,YES,2264
8.29159,160,B,1,0,AC_BE,YES,2265
8.29192,160,B,2,0,AC_BE,YES,2266
8.29235,160,B,3,0,AC_BE,YES,2267
8.29275,160,B,4,0,AC_BE,YES,2268
8.32425,161,B,0,0,AC_BE,YES,2269
8.32462,161,B,1,0,AC_BE,YES,2270
8.32497,161,B,2,0,AC_BE,YES,2271
8.32529,161,B,3,0,AC_BE,YES,2272
8.32562,161,B,4,0,AC_BE,YES,2273
8.35725,162,P,0,0,AC_BE,YES,2274
8.35758,162,P,1,0,AC_BE,YES,2275
8.35791,162,P,2,0,AC_BE,YES,2276
8.35833,162,P,3,0,AC_BE,YES,2277
8.35869,162,P,4,0,AC_BE,YES,2278
8.35904,162,P,5,0,AC_BE,YES,2279
8.35946,162,P,6,0,AC_BE,YES,2280
8.35981,162,P,7,0,AC_BE,YES,2281
8.36018,162,P,8,0,AC_BE,YES,2282
8.36054,162,P,9,0,AC_BE,YES,2283
8.36086,162,P,10,0,AC_BE,YES,2284
8.36131,162,P,11,0,AC_BE,YES,2285
8.36165,162,P,12,0,AC_BE,YES,2286
8.36207,162,P,13,0,AC_BE,YES,2287
8.36241,162,P,14,0,AC_BE,YES,2288
8.36274,162,P,15,0,AC_BE,YES,2289
8.36319,162,P,16,0,AC_BE,YES,2290
8.36351,162,P,17,0,AC_BE,YES,2291
8.36394,162,P,18,0,AC_BE,YES,2292
8.36438,162,P,19,0,AC_BE,YES,2293
8.36482,162,P,20,0,AC_BE,YES,2294
8.36514,162,P,21,0,AC_BE,YES,2295
8.36549,162,P,22,0,AC_BE,YES,2296
8.3659,162,P,23,0,AC_BE,YES,2297
8.36632,162,P,24,0,AC_BE,YES,2298
8.36676,162,P,25,0,AC_BE,YES,2299
8.36719,162,P,26,0,AC_BE,YES,2300
8.36763,162,P,27,0,AC_BE,YES,2301
8.36798,162,P,28,0,AC_BE,YES,2302
8.36832,162,P,29,0,AC_BE,YES,2303
8.39025,163,B,0,0,AC_BE,YES,2304
8.39064,163,B,1,0,AC_BE,YES,2305
8.39101,163,B,2,0,AC_BE,YES,2306
8.39136,163,B,3,0,AC_BE,YES,2307
8.39174,163,B,4,0,AC_BE,YES,2308
8.42324,164,B,0,0,AC_BE,YES,2309
8.4236,164,B,1,0,AC_BE,YES,2310
8.42402,164,B,2,0,AC_BE,YES,2311
8.42439,164,B,3,0,AC_BE,YES,2312
8.42482,164,B,4,0,AC_BE,YES,2313
8.45624,165,P,0,0,AC_BE,YES,2314
8.45665,165,P,1,0,AC_BE,YES,2315
8.45698,165,P,2,0,AC_BE,YES,2316
8.45732,165,P,3,0,AC_BE,YES,2317
8.45771,165,P,4,0,AC_BE,YES,2318
8.45807,165,P,5,0,AC_BE,YES,2319
8.4584,165,P,6,0,AC_BE,YES,2320
8.45872,165,P,7,0,AC_BE,YES,2321
8.45908,165,P,8,0,AC_BE,YES,2322
8.45946,165,P,9,0,AC_BE,YES,2323
8.45978,165,P,10,0,AC_BE,YES,2324
8.46022,165,P,11,0,AC_BE,YES,2325
8.46054,165,P,12,0,AC_BE,YES,2326
8.46088,165,P,13,0,AC_BE,YES,2327
8.46126,165,P,14,0,AC_BE,YES,2328
8.4616,165,P,15,0,AC_BE,YES,2329
8.46201,165,P,16,0,AC_BE,YES,2330
8.46234,165,P,17,0,AC_BE,YES,2331
8.46267,165,P,18,0,AC_BE,YES,2332
8.46307,165,P,19,0,AC_BE,YES,2333
8.46347,165,P,20,0,AC_BE,YES,2334
8.46388,165,P,21,0,AC_BE,YES,2335
8.4643,165,P,22,0,AC_BE,YES,2336
8.46462,165,P,23,0,AC_BE,YES,2337
8.46501,165,P,24,0,AC_BE,YES,2338
8.46544,165,P,25,0,AC_BE,YES,2339
8.46577,165,P,26,0,AC_BE,YES,2340
8.46615,165,P,27,0,AC_BE,YES,2341
8.4665,165,P,28,0,AC_BE,YES,2342
8.46694,165,P,29,0,AC_BE,YES,2343
8.48925,166,B,0,0,AC_BE,YES,2344
8.48968,166,B,1,0,AC_BE,YES,2345
8.49011,166,B,2,0,AC_BE,YES,2346
8.49043,166,B,3,0,AC_BE,YES,2347
8.49085,166,B,4,0,AC_BE,YES,2348
8.52225,167,B,0,0,AC_BE,YES,2349
8.5226,167,B,1,0,AC_BE,YES,2350
8.52292,167,B,2,0,AC_BE,YES,2351
8.52329,167,B,3,0,AC_BE,YES,2352
8.52365,167,B,4,0,AC_BE,YES,2353
8.55524,168,P,0,0,AC_BE,YES,2354
8.55561,168,P,1,0,AC_BE,YES,2355
8.55596,168,P,2,0,AC_BE,YES,2356
8.5563,168,P,3,0,AC_BE,YES,2357
8.55675,168,P,4,0,AC_BE,YES,2358
8.55712,168,P,5,0,AC_BE,YES,2359
8.55751,168,P,6,0,AC_BE,YES,2360
8.55794,168,P,7,0,AC_BE,YES,2361
8.55827,168,P,8,0,AC_BE,YES,2362
8.5586,168,P,9,0,AC_BE,YES,2363
8.55899,168,P,10,0,AC_BE,YES,2364
8.55936,168,P,11,0,AC_BE,YES,2365
8.55971,168,P,12,0,AC_BE,YES,2366
8.56006,168,P,13,0,AC_BE,YES,2367
8.56042,168,P,14,0,AC_BE,YES,2368
8.56081,168,P,15,0,AC_BE,YES,2369
8.56126,168,P,16,0,AC_BE,YES,2370
8.56159,168,P,17,0,AC_BE,YES,2371
8.56195,168,P,18,0,AC_BE,YES,2372
8.56239,168,P,19,0,AC_BE,YES,2373
8.56279,168,P,20,0,AC_BE,YES,2374
8.56314,168,P,21,0,AC_BE,YES,2375
8.56353,168,P,22,0,AC_BE,YES,2376
8.56384,168,P,23,0,AC_BE,YES,2377
8.56425,168,P,24,0,AC_BE,YES,2378
8.56465,168,P,25,0,AC_BE,YES,2379
8.56498,168,P,26,0,AC_BE,YES,2380
8.56535,168,P,27,0,AC_BE,YES,2381
8.56566,168,P,28,0,AC_BE,YES,2382
8.56598,168,P,29,0,AC_BE,YES,2383
8.58825,169,B,0,0,AC_BE,YES,2384
8.58867,169,B,1,0,AC_BE,YES,2385
8.58911,169,B,2,0,AC_BE,YES,2386
8.58949,169,B,3,0,AC_BE,YES,2387
8.58982,169,B,4,0,AC_BE,YES,2388
8.62125,170,B,0,0,AC_BE,YES,2389
8.62158,170,B,1,0,AC_BE,YES,2390
8.62196,170,B,2,0,AC_BE,YES,2391
8.6224,170,B,3,0,AC_BE,YES,2392
8.62274,170,B,4,0,AC_BE,YES,2393
8.65425,171,P,0,0,AC_BE,YES,2394
8.65466,171,P,1,0,AC_BE,YES,2395
8.65508,171,P,2,0,AC_BE,YES,2396
8.65548,171,P,3,0,AC_BE,YES,2397
8.65581,171,P,4,0,AC_BE,YES,2398
8.65613,171,P,5,0,AC_BE,YES,2399
8.65658,171,P,6,0,AC_BE,YES,2400
8.657,171,P,7,0,AC_BE,YES,2401
8.65744,171,P,8,0,AC_BE,YES,2402
8.65783,171,P,9,0,AC_BE,YES,2403
8.65815,171,P,10,0,AC_BE,YES,2404
8.65855,171,P,11,0,AC_BE,YES,2405
8.65896,171,P,12,0,AC_BE,YES,2406
8.65928,171,P,13,0,AC_BE,YES,2407
8.6597,171,P,14,0,AC_BE,YES,2408
8.66013,171,P,15,0,AC_BE,YES,2409
8.66055,171,P,16,0,AC_BE,YES,2410
8.6609,171,P,17,0,AC_BE,YES,2411
8.66125,171,P,18,0,AC_BE,YES,2412
8.66165,171,P,19,0,AC_BE,YES,2413
8.66205,171,P,20,0,AC_BE,YES,2414
8.66247,171,P,21,0,AC_BE,YES,2415
8.66289,171,P,22,0,AC_BE,YES,2416
8.66329,171,P,23,0,AC_BE,YES,2417
8.66371,171,P,24,0,AC_BE,YES,2418
8.66412,171,P,25,0,AC_BE,YES,2419
8.66456,171,P,26,0,AC_BE,YES,2420
8.66501,171,P,27,0,AC_BE,YES,2421
8.66541,171,P,28,0,AC_BE,YES,2422
8.66578,171,P,29,0,AC_BE,YES,2423
8.68724,172,B,0,0,AC_BE,YES,2424
8.68769,172,B,1,0,AC_BE,YES,2425
8.68801,172,B,2,0,AC_BE,YES,2426
8.68832,172,B,3,0,AC_BE,YES,2427
8.68875,172,B,4,0,AC_BE,YES,2428
8.72025,173,B,0,0,AC_BE,YES,2429
8.72065,173,B,1,0,AC_BE,YES,2430
8.72097,173,B,2,0,AC_BE,YES,2431
8.7214,173,B,3,0,AC_BE,YES,2432
8.72178,173,B,4,0,AC_BE,YES,2433
8.75325,174,P,0,0,AC_BE,YES,2434
8.75368,174,P,1,0,AC_BE,YES,2435
8.75412,174,P,2,0,AC_BE,YES,2436
8.75453,174,P,3,0,AC_BE,YES,2437
8.75498,174,P,4,0,AC_BE,YES,2438
8.75534,174,P,5,0,AC_BE,YES,2439
8.75569,174,P,6,0,AC_BE,YES,2440
8.75608,174,P,7,0,AC_BE,YES,2441
8.75653,174,P,8,0,AC_BE,YES,2442
8.75684,174,P,9,0,AC_BE,YES,2443
8.75724,174,P,10,0,AC_BE,YES,2444
8.75764,174,P,11,0,AC_BE,YES,2445
8.75799,174,P,12,0,AC_BE,YES,2446
8.75844,174,P,13,0,AC_BE,YES,2447
8.75879,174,P,14,0,AC_BE,YES,2448
8.7591,174,P,15,0,AC_BE,YES,2449
8.75953,174,P,16,0,AC_BE,YES,2450
8.75997,174,P,17,0,AC_BE,YES,2451
8.7604,174,P,18,0,AC_BE,YES,2452
8.76073,174,P,19,0,AC_BE,YES,2453
8.7611,174,P,20,0,AC_BE,YES,2454
8.76147,174,P,21,0,AC_BE,YES,2455
8.7618,174,P,22,0,AC_BE,YES,2456
8.76225,174,P,23,0,AC_BE,YES,2457
8.76269,174,P,24,0,AC_BE,YES,2458
8.76306,174,P,25,0,AC_BE,YES,2459
8.76348,174,P,26,0,AC_BE,YES,2460
8.76383,174,P,27,0,AC_BE,YES,2461
8.76422,174,P,28,0,AC_BE,YES,2462
8.76457,174,P,29,0,AC_BE,YES,2463
8.78624,175,B,0,0,AC_BE,YES,2464
8.78667,175,B,1,0,AC_BE,YES,2465
8.78708,175,B,2,0,AC_BE,YES,2466
8.78741,175,B,3,0,AC_BE,YES,2467
8.78776,175,B,4,0,AC_BE,YES,2468
8.81924,176,B,0,0,AC_BE,YES,2469
8.81967,176,B,1,0,AC_BE,YES,2470
8.81998,176,B,2,0,AC_BE,YES,2471
8.82032,176,B,3,0,AC_BE,YES,2472
8.82066,176,B,4,0,AC_BE,YES,2473
8.85225,177,P,0,0,AC_BE,YES,2474
8.85259,177,P,1,0,AC_BE,YES,2475
8.85303,177,P,2,0,AC_BE,YES,2476
8.85341,177,P,3,0,AC_BE,YES,2477
8.85374,177,P,4,0,AC_BE,YES,2478
8.85408,177,P,5,0,AC_BE,YES,2479
8.85443,177,P,6,0,AC_BE,YES,2480
8.85474,177,P,7,0,AC_BE,YES,2481
8.85512,177,P,8,0,AC_BE,YES,2482
8.85553,177,P,9,0,AC_BE,YES,2483
8.85592,177,P,10,0,AC_BE,YES,2484
8.85636,177,P,11,0,AC_BE,YES,2485
8.85671,177,P,12,0,AC_BE,YES,2486
8.85704,177,P,13,0,AC_BE,YES,2487
8.85747,177,P,14,0,AC_BE,YES,2488
8.85778,177,P,15,0,AC_BE,YES,2489
8.85812,177,P,16,0,AC_BE,YES,2490
8.85852,177,P,17,0,AC_BE,YES,2491
8.85887,177,P,18,0,AC_BE,YES,2492
8.85923,177,P,19,0,AC_BE,YES,2493
8.85956,177,P,20,0,AC_BE,YES,2494
8.85991,177,P,21,0,AC_BE,YES,2495
8.86028,177,P,22,0,AC_BE,YES,2496
8.8606,177,P,23,0,AC_BE,YES,2497
8.86095,177,P,24,0,AC_BE,YES,2498
8.8613,177,P,25,0,AC_BE,YES,2499
8.86165,177,P,26,0,AC_BE,YES,2500
8.86206,177,P,27,0,AC_BE,YES,2501
8.86241,177,P,28,0,AC_BE,YES,2502
8.86273,177,P,29,0,AC_BE,YES,2503
8.88525,178,B,0,0,AC_BE,YES,2504
8.88563,178,B,1,0,AC_BE,YES,2505
8.88597,178,B,2,0,AC_BE,YES,2506
8.88628,178,B,3,0,AC_BE,YES,2507
8.8866,178,B,4,0,AC_BE,YES,2508
8.91825,179,P,0,0,AC_BE,YES,2509
8.91869,179,P,1,0,AC_BE,YES,2510
8.919,179,P,2,0,AC_BE,YES,2511
8.91945,179,P,3,0,AC_BE,YES,2512
8.91988,179,P,4,0,AC_BE,YES,2513
8.92019,179,P,5,0,AC_BE,YES,2514
8.92058,179,P,6,0,AC_BE,YES,2515
8.9209,179,P,7,0,AC_BE,YES,2516
8.92124,179,P,8,0,AC_BE,YES,2517
8.92165,179,P,9,0,AC_BE,YES,2518
8.92197,179,P,10,0,AC_BE,YES,2519
8.92233,179,P,11,0,AC_BE,YES,2520
8.92278,179,P,12,0,AC_BE,YES,2521
8.92311,179,P,13,0,AC_BE,YES,2522
8.92342,179,P,14,0,AC_BE,YES,2523
8.92379,179,P,15,0,AC_BE,YES,2524
8.92411,179,P,16,0,AC_BE,YES,2525
8.92442,179,P,17,0,AC_BE,YES,2526
8.92475,179,P,18,0,AC_BE,YES,2527
8.92509,179,P,19,0,AC_BE,YES,2528
8.92549,179,P,20,0,AC_BE,YES,2529
8.92588,179,P,21,0,AC_BE,YES,2530
8.92632,179,P,22,0,AC_BE,YES,2531
8.9267,179,P,23,0,AC_BE,YES,2532
8.92705,179,P,24,0,AC_BE,YES,2533
8.92742,179,P,25,0,AC_BE,YES,2534
8.92783,179,P,26,0,AC_BE,YES,2535
8.92823,179,P,27,0,AC_BE,YES,2536
8.92857,179,P,28,0,AC_BE,YES,2537
8.92894,179,P,29,0,AC_BE,YES,2538
8.95125,180,I,0,0,AC_BE,YES,2539
8.95165,180,I,1,0,AC_BE,YES,2540
8.95208,180,I,2,0,AC_BE,YES,2541
8.95244,180,I,3,0,AC_BE,YES,2542
8.95288,180,I,4,0,AC_BE,YES,2543
8.95326,180,I,5,0,AC_BE,YES,2544
8.95367,180,I,6,0,AC_BE,YES,2545
8.95405,180,I,7,0,AC_BE,YES,2546
8.9544,180,I,8,0,AC_BE,YES,2547
8.95483,180,I,9,0,AC_BE,YES,2548
8.95525,180,I,10,0,AC_BE,YES,2549
8.95557,180,I,11,0,AC_BE,YES,2550
8.95588,180,I,12,0,AC_BE,YES,2551
8.95626,180,I,13,0,AC_BE,YES,2552
8.95664,180,I,14,0,AC_BE,YES,2553
8.95698,180,I,15,0,AC_BE,YES,2554
8.95742,180,I,16,0,AC_BE,YES,2555
8.95782,180,I,17,0,AC_BE,YES,2556
8.95814,180,I,18,0,AC_BE,YES,2557
8.95846,180,I,19,0,AC_BE,YES,2558
8.95889,180,I,20,0,AC_BE,YES,2559
8.95923,180,I,21,0,AC_BE,YES,2560
8.95967,180,I,22,0,AC_BE,YES,2561
8.96008,180,I,23,0,AC_BE,YES,2562
8.96048,180,I,24,0,AC_BE,YES,2563
8.96091,180,I,25,0,AC_BE,YES,2564
8.96127,180,I,26,0,AC_BE,YES,2565
8.96167,180,I,27,0,AC_BE,YES,2566
8.96202,180,I,28,0,AC_BE,YES,2567
8.96236,180,I,29,0,AC_BE,YES,2568
8.96279,180,I,30,0,AC_BE,YES,2569
8.96317,180,I,31,0,AC_BE,YES,2570
8.96353,180,I,32,0,AC_BE,YES,2571
8.96394,180,I,33,0,AC_BE,YES,2572
8.96425,180,I,34,0,AC_BE,YES,2573
8.96467,180,I,35,0,AC_BE,YES,2574
8.96507,180,I,36,0,AC_BE,YES,2575
8.96551,180,I,37,0,AC_BE,YES,2576
8.96593,180,I,38,0,AC_BE,YES,2577
8.96629,180,I,39,0,AC_BE,YES,2578
8.96665,180,I,40,0,AC_BE,YES,2579
8.96698,180,I,41,0,AC_BE,YES,2580
8.96734,180,I,42,0,AC_BE,YES,2581
8.96775,180,I,43,0,AC_BE,YES,2582
8.96812,180,I,44,0,AC_BE,YES,2583
8.96856,180,I,45,0,AC_BE,YES,2584
8.969,180,I,46,0,AC_BE,YES,2585
8.96932,180,I,47,0,AC_BE,YES,2586
8.96965,180,I,48,0,AC_BE,YES,2587
8.96997,180,I,49,0,AC_BE,YES,2588
8.98424,181,B,0,0,AC_BE,YES,2589
8.98462,181,B,1,0,AC_BE,YES,2590
8.98501,181,B,2,0,AC_BE,YES,2591
8.98532,181,B,3,0,AC_BE,YES,2592
8.98565,181,B,4,0,AC_BE,YES,2593
9.01725,182,B,0,0,AC_BE,YES,2594
9.01965,182,B,1,0,AC_BE,YES,2595
9.02009,182,B,2,0,AC_BE,YES,2596
9.0205,182,B,3,0,AC_BE,YES,2597
9.02089,182,B,4,0,AC_BE,YES,2598
9.05025,183,P,0,0,AC_BE,YES,2599
9.05061,183,P,1,0,AC_BE,YES,2600
9.05093,183,P,2,0,AC_BE,YES,2601
9.05134,183,P,3,0,AC_BE,YES,2602
9.05176,183,P,4,0,AC_BE,YES,2603
9.05211,183,P,5,0,AC_BE,YES,2604
9.05249,183,P,6,0,AC_BE,YES,2605
9.05286,183,P,7,0,AC_BE,YES,2606
9.05327,183,P,8,0,AC_BE,YES,2607
9.0536,183,P,9,0,AC_BE,YES,2608
9.054,183,P,10,0,AC_BE,YES,2609
9.05431,183,P,11,0,AC_BE,YES,2610
9.05475,183,P,12,0,AC_BE,YES,2611
9.05515,183,P,13,0,AC_BE,YES,2612
9.0555,183,P,14,0,AC_BE,YES,2613
9.05585,183,P,15,0,AC_BE,YES,2614
9.05626,183,P,16,0,AC_BE,YES,2615
9.05659,183,P,17,0,AC_BE,YES,2616
9.05702,183,P,18,0,AC_BE,YES,2617
9.05738,183,P,19,0,AC_BE,YES,2618
9.05776,183,P,20,0,AC_BE,YES,2619
9.0581,183,P,21,0,AC_BE,YES,2620
9.05844,183,P,22,0,AC_BE,YES,2621
9.05876,183,P,23,0,AC_BE,YES,2622
9.05911,183,P,24,0,AC_BE,YES,2623
9.05948,183,P,25,0,AC_BE,YES,2624
9.05991,183,P,26,0,AC_BE,YES,2625
9.06031,183,P,27,0,AC_BE,YES,2626
9.06071,183,P,28,0,AC_BE,YES,2627
9.06102,183,P,29,0,AC_BE,YES,2628
9.08324,184,B,0,0,AC_BE,YES,2629
9.08368,184,B,1,0,AC_BE,YES,2630
9.08406,184,B,2,0,AC_BE,YES,2631
9.08448,184,B,3,0,AC_BE,YES,2632
9.08482,184,B,4,0,AC_BE,YES,2633
9.11625,185,B,0,0,AC_BE,YES,2634
9.11661,185,B,1,0,AC_BE,YES,2635
9.11699,185,B,2,0,AC_BE,YES,2636
9.1174,185,B,3,0,AC_BE,YES,2637
9.11772,185,B,4,0,AC_BE,YES,2638
9.14925,186,P,0,0,AC_BE,YES,2639
9.14965,186,P,1,0,AC_BE,YES,2640
9.15003,186,P,2,0,AC_BE,YES,2641
9.15035,186,P,3,0,AC_BE,YES,2642
9.15072,186,P,4,0,AC_BE,YES,2643
9.15113,186,P,5,0,AC_BE,YES,2644
9.15149,186,P,6,0,AC_BE,YES,2645
9.15183,186,P,7,0,AC_BE,YES,2646
9.15219,186,P,8,0,AC_BE,YES,2647
9.1526,186,P,9,0,AC_BE,YES,2648
9.15295,186,P,10,0,AC_BE,YES,2649
9.15327,186,P,11,0,AC_BE,YES,2650
9.1537,186,P,12,0,AC_BE,YES,2651
9.15404,186,P,13,0,AC_BE,YES,2652
9.15435,186,P,14,0,AC_BE,YES,2653
9.15475,186,P,15,0,AC_BE,YES,2654
9.1552,186,P,16,0,AC_BE,YES,2655
9.15555,186,P,17,0,AC_BE,YES,2656
9.15593,186,P,18,0,AC_BE,YES,2657
9.15628,186,P,19,0,AC_BE,YES,2658
9.1567,186,P,20,0,AC_BE,YES,2659
9.15704,186,P,21,0,AC_BE,YES,2660
9.15748,186,P,22,0,AC_BE,YES,2661
9.15779,186,P,23,0,AC_BE,YES,2662
9.15812,186,P,24,0,AC_BE,YES,2663
9.15855,186,P,25,0,AC_BE,YES,2664
9.15895,186,P,26,0,AC_BE,YES,2665
9.15932,186,P,27,0,AC_BE,YES,2666
9.15975,186,P,28,0,AC_BE,YES,2667
9.16017,186,P,29,0,AC_BE,YES,2668
9.18225,187,B,0,0,AC_BE,YES,2669
9.18262,187,B,1,0,AC_BE,YES,2670
9.18302,187,B,2,0,AC_BE,YES,2671
9.18347,187,B,3,0,AC_BE,YES,2672
9.18387,187,B,4,0,AC_BE,YES,2673
9.21525,188,B,0,0,AC_BE,YES,2674
9.21561,188,B,1,0,AC_BE,YES,2675
9.21595,188,B,2,0,AC_BE,YES,2676
9.2164,188,B,3,0,AC_BE,YES,2677
9.21673,188,B,4,0,AC_BE,YES,2678
9.24825,189,P,0,0,AC_BE,YES,2679
9.24856,189,P,1,0,AC_BE,YES,2680
9.24896,189,P,2,0,AC_BE,YES,2681
9.24927,189,P,3,0,AC_BE,YES,2682
9.24966,189,P,4,0,AC_BE,YES,2683
9.25002,189,P,5,0,AC_BE,YES,2684
9.25047,189,P,6,0,AC_BE,YES,2685
9.25082,189,P,7,0,AC_BE,YES,2686
9.25125,189,P,8,0,AC_BE,YES,2687
9.25164,189,P,9,0,AC_BE,YES,2688
9.25206,189,P,10,0,AC_BE,YES,2689
9.25248,189,P,11,0,AC_BE,YES,2690
9.2528,189,P,12,0,AC_BE,YES,2691
9.25315,189,P,13,0,AC_BE,YES,2692
9.25356,189,P,14,0,AC_BE,YES,2693
9.25398,189,P,15,0,AC_BE,YES,2694
9.25435,189,P,16,0,AC_BE,YES,2695
9.25473,189,P,17,0,AC_BE,YES,2696
9.25508,189,P,18,0,AC_BE,YES,2697
9.25545,189,P,19,0,AC_BE,YES,2698
9.2558,189,P,20,0,AC_BE,YES,2699
9.25623,189,P,21,0,AC_BE,YES,2700
9.25665,189,P,22,0,AC_BE,YES,2701
9.25701,189,P,23,0,AC_BE,YES,2702
9.25734,189,P,24,0,AC_BE,YES,2703
9.25773,189,P,25,0,AC_BE,YES,2704
9.25816,189,P,26,0,AC_BE,YES,2705
9.25852,189,P,27,0,AC_BE,YES,2706
9.25892,189,P,28,0,AC_BE,YES,2707
9.25928,189,P,29,0,AC_BE,YES,2708
9.28124,190,B,0,0,AC_BE,YES,2709
9.28162,190,B,1,0,AC_BE,YES,2710
9.28198,190,B,2,0,AC_BE,YES,2711
9.28233,190,B,3,0,AC_BE,YES,2712
9.28266,190,B,4,0,AC_BE,YES,2713
9.31424,191,B,0,0,AC_BE,YES,2714
9.31456,191,B,1,0,AC_BE,YES,2715
9.31489,191,B,2,0,AC_BE,YES,2716
9.31533,191,B,3,0,AC_BE,YES,2717
9.31571,191,B,4,0,AC_BE,YES,2718
9.34725,192,P,0,0,AC_BE,YES,2719
9.34762,192,P,1,0,AC_BE,YES,2720
9.34799,192,P,2,0,AC_BE,YES,2721
9.34836,192,P,3,0,AC_BE,YES,2722
9.34871,192,P,4,0,AC_BE,YES,2723
9.34913,192,P,5,0,AC_BE,YES,2724
9.34957,192,P,6,0,AC_BE,YES,2725
9.34998,192,P,7,0,AC_BE,YES,2726
9.35035,192,P,8,0,AC_BE,YES,2727
9.35068,192,P,9,0,AC_BE,YES,2728
9.35101,192,P,10,0,AC_BE,YES,2729
9.35138,192,P,11,0,AC_BE,YES,2730
9.35178,192,P,12,0,AC_BE,YES,2731
9.35211,192,P,13,0,AC_BE,YES,2732
9.35255,192,P,14,0,AC_BE,YES,2733
9.35291,192,P,15,0,AC_BE,YES,2734
9.35336,192,P,16,0,AC_BE,YES,2735
9.35371,192,P,17,0,AC_BE,YES,2736
9.35412,192,P,18,0,AC_BE,YES,2737
9.35445,192,P,19,0,AC_BE,YES,2738
9.35481,192,P,20,0,AC_BE,YES,2739
9.35522,192,P,21,0,AC_BE,YES,2740
9.35559,192,P,22,0,AC_BE,YES,2741
9.35598,192,P,23,0,AC_BE,YES,2742
9.35635,192,P,24,0,AC_BE,YES,2743
9.35673,192,P,25,0,AC_BE,YES,2744
9.35709,192,P,26,0,AC_BE,YES,2745
9.35746,192,P,27,0,AC_BE,YES,2746
9.35787,192,P,28,0,AC_BE,YES,2747
9.35828,192,P,29,0,AC_BE,YES,2748
9.38025,193,B,0,0,AC_BE,YES,2749
9.38056,193,B,1,0,AC_BE,YES,2750
9.381,193,B,2,0,AC_BE,YES,2751
9.38144,193,B,3,0,AC_BE,YES,2752
9.38189,193,B,4,0,AC_BE,YES,2753
9.41324,194,B,0,0,AC_BE,YES,2754
9.41364,194,B,1,0,AC_BE,YES,2755
9.41409,194,B,2,0,AC_BE,YES,2756
9.41443,194,B,3,0,AC_BE,YES,2757
9.41485,194,B,4,0,AC_BE,YES,2758
9.44624,195,P,0,0,AC_BE,YES,2759
9.44656,195,P,1,0,AC_BE,YES,2760
9.44698,195,P,2,0,AC_BE,YES,2761
9.44732,195,P,3,0,AC_BE,YES,2762
9.44771,195,P,4,0,AC_BE,YES,2763
9.44814,195,P,5,0,AC_BE,YES,2764
9.44859,195,P,6,0,AC_BE,YES,2765
9.44903,195,P,7,0,AC_BE,YES,2766
9.44938,195,P,8,0,AC_BE,YES,2767
9.44973,195,P,9,0,AC_BE,YES,2768
9.45014,195,P,10,0,AC_BE,YES,2769
9.45047,195,P,11,0,AC_BE,YES,2770
9.45091,195,P,12,0,AC_BE,YES,2771
9.45124,195,P,13,0,AC_BE,YES,2772
9.45163,195,P,14,0,AC_BE,YES,2773
9.452,195,P,15,0,AC_BE,YES,2774
9.45241,195,P,16,0,AC_BE,YES,2775
9.45282,195,P,17,0,AC_BE,YES,2776
9.45315,195,P,18,0,AC_BE,YES,2777
9.45346,195,P,19,0,AC_BE,YES,2778
9.45382,195,P,20,0,AC_BE,YES,2779
9.45415,195,P,21,0,AC_BE,YES,2780
9.4546,195,P,22,0,AC_BE,YES,2781
9.45502,195,P,23,0,AC_BE,YES,2782
9.45539,195,P,24,0,AC_BE,YES,2783
9.45578,195,P,25,0,AC_BE,YES,2784
9.45622,195,P,26,0,AC_BE,YES,2785
9.45663,195,P,27,0,AC_BE,YES,2786
9.45706,195,P,28,0,AC_BE,YES,2787
9.45737,195,P,29,0,AC_BE,YES,2788
9.47925,196,B,0,0,AC_BE,YES,2789
9.47961,196,B,1,0,AC_BE,YES,2790
9.47998,196,B,2,0,AC_BE,YES,2791
9.48042,196,B,3,0,AC_BE,YES,2792
9.4808,196,B,4,0,AC_BE,YES,2793
9.51225,197,B,0,0,AC_BE,YES,2794
9.51266,197,B,1,0,AC_BE,YES,2795
9.51299,197,B,2,0,AC_BE,YES,2796
9.51334,197,B,3,0,AC_BE,YES,2797
9.51366,197,B,4,0,AC_BE,YES,2798
9.54525,198,P,0,0,AC_BE,YES,2799
9.54561,198,P,1,0,AC_BE,YES,2800
9.54594,198,P,2,0,AC_BE,YES,2801
9.54629,198,P,3,0,AC_BE,YES,2802
9.5467,198,P,4,0,AC_BE,YES,2803
9.54708,198,P,5,0,AC_BE,YES,2804
9.54741,198,P,6,0,AC_BE,YES,2805
9.54785,198,P,7,0,AC_BE,YES,2806
9.54826,198,P,8,0,AC_BE,YES,2807
9.54869,198,P,9,0,AC_BE,YES,2808
9.54904,198,P,10,0,AC_BE,YES,2809
9.54943,198,P,11,0,AC_BE,YES,2810
9.54984,198,P,12,0,AC_BE,YES,2811
9.55016,198,P,13,0,AC_BE,YES,2812
9.55052,198,P,14,0,AC_BE,YES,2813
9.55086,198,P,15,0,AC_BE,YES,2814
9.55118,198,P,16,0,AC_BE,YES,2815
9.5516,198,P,17,0,AC_BE,YES,2816
9.55196,198,P,18,0,AC_BE,YES,2817
9.5524,198,P,19,0,AC_BE,YES,2818
9.5528,198,P,20,0,AC_BE,YES,2819
9.5532,198,P,21,0,AC_BE,YES,2820
9.55359,198,P,22,0,AC_BE,YES,2821
9.55392,198,P,23,0,AC_BE,YES,2822
9.55424,198,P,24,0,AC_BE,YES,2823
9.5546,198,P,25,0,AC_BE,YES,2824
9.55502,198,P,26,0,AC_BE,YES,2825
9.5554,198,P,27,0,AC_BE,YES,2826
9.55576,198,P,28,0,AC_BE,YES,2827
9.5561,198,P,29,0,AC_BE,YES,2828
9.57825,199,B,0,0,AC_BE,YES,2829
9.57858,199,B,1,0,AC_BE,YES,2830
9.57902,199,B,2,0,AC_BE,YES,2831
9.57937,199,B,3,0,AC_BE,YES,2832
9.57974,199,B,4,0,AC_BE,YES,2833
9.61125,200,B,0,0,AC_BE,YES,2834
9.61159,200,B,1,0,AC_BE,YES,2835
9.61204,200,B,2,0,AC_BE,YES,2836
9.61237,200,B,3,0,AC_BE,YES,2837
9.61273,200,B,4,0,AC_BE,YES,2838
9.64425,201,P,0,0,AC_BE,YES,2839
9.64466,201,P,1,0,AC_BE,YES,2840
9.64504,201,P,2,0,AC_BE,YES,2841
9.64544,201,P,3,0,AC_BE,YES,2842
9.64585,201,P,4,0,AC_BE,YES,2843
9.64628,201,P,5,0,AC_BE,YES,2844
9.64665,201,P,6,0,AC_BE,YES,2845
9.64705,201,P,7,0,AC_BE,YES,2846
9.64744,201,P,8,0,AC_BE,YES,2847
9.64781,201,P,9,0,AC_BE,YES,2848
9.64817,201,P,10,0,AC_BE,YES,2849
9.64856,201,P,11,0,AC_BE,YES,2850
9.64889,201,P,12,0,AC_BE,YES,2851
9.64934,201,P,13,0,AC_BE,YES,2852
9.64967,201,P,14,0,AC_BE,YES,2853
9.65006,201,P,15,0,AC_BE,YES,2854
9.65045,201,P,16,0,AC_BE,YES,2855
9.65079,201,P,17,0,AC_BE,YES,2856
9.65115,201,P,18,0,AC_BE,YES,2857
9.6515,201,P,19,0,AC_BE,YES,2858
9.65186,201,P,20,0,AC_BE,YES,2859
9.65221,201,P,21,0,AC_BE,YES,2860
9.65265,201,P,22,0,AC_BE,YES,2861
9.6531,201,P,23,0,AC_BE,YES,2862
9.65344,201,P,24,0,AC_BE,YES,2863
9.65386,201,P,25,0,AC_BE,YES,2864
9.65426,201,P,26,0,AC_BE,YES,2865
9.65463,201,P,27,0,AC_BE,YES,2866
9.65497,201,P,28,0,AC_BE,YES,2867
9.65536,201,P,29,0,AC_BE,YES,2868
9.67724,202,B,0,0,AC_BE,YES,2869
9.67765,202,B,1,0,AC_BE,YES,2870
9.67809,202,B,2,0,AC_BE,YES,2871
9.67844,202,B,3,0,AC_BE,YES,2872
9.67884,202,B,4,0,AC_BE,YES,2873
9.71025,203,B,0,0,AC_BE,YES,2874
9.71066,203,B,1,0,AC_BE,YES,2875
9.71107,203,B,2,0,AC_BE,YES,2876
9.71141,203,B,3,0,AC_BE,YES,2877
9.71181,203,B,4,0,AC_BE,YES,2878
9.74325,204,P,0,0,AC_BE,YES,2879
9.74363,204,P,1,0,AC_BE,YES,2880
9.74394,204,P,2,0,AC_BE,YES,2881
9.74432,204,P,3,0,AC_BE,YES,2882
9.74477,204,P,4,0,AC_BE,YES,2883
9.74516,204,P,5,0,AC_BE,YES,2884
9.74551,204,P,6,0,AC_BE,YES,2885
9.7459,204,P,7,0,AC_BE,YES,2886
9.74627,204,P,8,0,AC_BE,YES,2887
9.74658,204,P,9,0,AC_BE,YES,2888
9.74689,204,P,10,0,AC_BE,YES,2889
9.74727,204,P,11,0,AC_BE,YES,2890
9.74771,204,P,12,0,AC_BE,YES,2891
9.74811,204,P,13,0,AC_BE,YES,2892
9.74854,204,P,14,0,AC_BE,YES,2893
9.74894,204,P,15,0,AC_BE,YES,2894
9.74933,204,P,16,0,AC_BE,YES,2895
9.74976,204,P,17,0,AC_BE,YES,2896
9.75009,204,P,18,0,AC_BE,YES,2897
9.7504,204,P,19,0,AC_BE,YES,2898
9.75083,204,P,20,0,AC_BE,YES,2899
9.75127,204,P,21,0,AC_BE,YES,2900
9.7516,204,P,22,0,AC_BE,YES,2901
9.75192,204,P,23,0,AC_BE,YES,2902
9.75237,204,P,24,0,AC_BE,YES,2903
9.75274,204,P,25,0,AC_BE,YES,2904
9.75318,204,P,26,0,AC_BE,YES,2905
9.75356,204,P,27,0,AC_BE,YES,2906
9.7539,204,P,28,0,AC_BE,YES,2907
9.75421,204,P,29,0,AC_BE,YES,2908
9.77624,205,B,0,0,AC_BE,YES,2909
9.77662,205,B,1,0,AC_BE,YES,2910
9.77705,205,B,2,0,AC_BE,YES,2911
9.7774,205,B,3,0,AC_BE,YES,2912
9.77777,205,B,4,0,AC_BE,YES,2913
9.80924,206,B,0,0,AC_BE,YES,2914
9.80964,206,B,1,0,AC_BE,YES,2915
9.81001,206,B,2,0,AC_BE,YES,2916
9.81033,206,B,3,0,AC_BE,YES,2917
9.81067,206,B,4,0,AC_BE,YES,2918
9.84225,207,P,0,0,AC_BE,YES,2919
9.84257,207,P,1,0,AC_BE,YES,2920
9.84288,207,P,2,0,AC_BE,YES,2921
9.84322,207,P,3,0,AC_BE,YES,2922
9.84355,207,P,4,0,AC_BE,YES,2923
9.84386,207,P,5,0,AC_BE,YES,2924
9.84423,207,P,6,0,AC_BE,YES,2925
9.84455,207,P,7,0,AC_BE,YES,2926
9.84486,207,P,8,0,AC_BE,YES,2927
9.84525,207,P,9,0,AC_BE,YES,2928
9.8457,207,P,10,0,AC_BE,YES,2929
9.84613,207,P,11,0,AC_BE,YES,2930
9.8465,207,P,12,0,AC_BE,YES,2931
9.8469,207,P,13,0,AC_BE,YES,2932
9.84731,207,P,14,0,AC_BE,YES,2933
9.84763,207,P,15,0,AC_BE,YES,2934
9.84797,207,P,16,0,AC_BE,YES,2935
9.84831,207,P,17,0,AC_BE,YES,2936
9.84871,207,P,18,0,AC_BE,YES,2937
9.84904,207,P,19,0,AC_BE,YES,2938
9.84935,207,P,20,0,AC_BE,YES,2939
9.84969,207,P,21,0,AC_BE,YES,2940
9.85011,207,P,22,0,AC_BE,YES,2941
9.85055,207,P,23,0,AC_BE,YES,2942
9.85096,207,P,24,0,AC_BE,YES,2943
9.8514,207,P,25,0,AC_BE,YES,2944
9.85176,207,P,26,0,AC_BE,YES,2945
9.85218,207,P,27,0,AC_BE,YES,2946
9.85259,207,P,28,0,AC_BE,YES,2947
9.85298,207,P,29,0,AC_BE,YES,2948
9.87525,208,B,0,0,AC_BE,YES,2949
9.87563,208,B,1,0,AC_BE,YES,2950
9.87606,208,B,2,0,AC_BE,YES,2951
9.87639,208,B,3,0,AC_BE,YES,2952
9.87679,208,B,4,0,AC_BE,YES,2953
9.90825,209,B,0,0,AC_BE,YES,2954
9.90866,209,B,1,0,AC_BE,YES,2955
9.90903,209,B,2,0,AC_BE,YES,2956
9.90945,209,B,3,0,AC_BE,YES,2957
9.9098,209,B,4,0,AC_BE,YES,2958
9.94124,210,P,0,0,AC_BE,YES,2959
9.94161,210,P,1,0,AC_BE,YES,2960
9.94204,210,P,2,0,AC_BE,YES,2961
9.94247,210,P,3,0,AC_BE,YES,2962
9.94279,210,P,4,0,AC_BE,YES,2963
9.9431,210,P,5,0,AC_BE,YES,2964
9.94344,210,P,6,0,AC_BE,YES,2965
9.94381,210,P,7,0,AC_BE,YES,2966
9.94413,210,P,8,0,AC_BE,YES,2967
9.94448,210,P,9,0,AC_BE,YES,2968
9.94484,210,P,10,0,AC_BE,YES,2969
9.9452,210,P,11,0,AC_BE,YES,2970
9.94553,210,P,12,0,AC_BE,YES,2971
9.94593,210,P,13,0,AC_BE,YES,2972
9.94627,210,P,14,0,AC_BE,YES,2973
9.94668,210,P,15,0,AC_BE,YES,2974
9.94704,210,P,16,0,AC_BE,YES,2975
9.94741,210,P,17,0,AC_BE,YES,2976
9.94783,210,P,18,0,AC_BE,YES,2977
9.94823,210,P,19,0,AC_BE,YES,2978
9.94867,210,P,20,0,AC_BE,YES,2979
9.949,210,P,21,0,AC_BE,YES,2980
9.94941,210,P,22,0,AC_BE,YES,2981
9.94977,210,P,23,0,AC_BE,YES,2982
9.95019,210,P,24,0,AC_BE,YES,2983
9.95055,210,P,25,0,AC_BE,YES,2984
9.95089,210,P,26,0,AC_BE,YES,2985
9.95133,210,P,27,0,AC_BE,YES,2986
9.95165,210,P,28,0,AC_BE,YES,2987
9.95201,210,P,29,0,AC_BE,YES,2988
9.97425,211,B,0,0,AC_BE,YES,2989
9.97468,211,B,1,0,AC_BE,YES,2990
9.97508,211,B,2,0,AC_BE,YES,2991
9.97551,211,B,3,0,AC_BE,YES,2992
9.97586,211,B,4,0,AC_BE,YES,2993
