PhyRxTime,FrameID,FrameType,PacketIndex,TID,AccessCategory,IsAMPDU,AMPDURefNum
3.00472,0,I,0,0,AC BE,NO,0
3.00919,4294967295,I,0,5,AC VI,YES,1
3.00937,4294967295,I,1,5,AC VI,YES,2
3.00937,4294967295,I,2,5,AC VI,YES,2
3.01427,0,I,0,7,AC VO,YES,3
3.01427,0,I,2,7,AC VO,YES,3
3.01427,0,I,3,7,AC VO,YES,3
3.01427,0,I,4,7,AC VO,YES,3
3.01427,0,I,5,7,AC VO,YES,3
3.01427,0,I,7,7,AC VO,YES,3
3.01427,0,I,8,7,AC VO,YES,3
3.01427,0,I,11,7,AC VO,YES,3
3.01427,0,I,13,7,AC VO,YES,3
3.01427,0,I,14,7,AC VO,YES,3
3.01427,0,I,16,7,AC VO,YES,3
3.01427,0,I,18,7,AC VO,YES,3
3.01427,0,I,19,7,AC VO,YES,3
3.01427,0,I,20,7,AC VO,YES,3
3.01427,0,I,21,7,AC VO,YES,3
3.01427,0,I,24,7,AC VO,YES,3
3.01427,0,I,26,7,AC VO,YES,3
3.01427,0,I,27,7,AC VO,YES,3
3.01427,0,I,28,7,AC VO,YES,3
3.01427,0,I,29,7,AC VO,YES,3
3.01427,0,I,31,7,AC VO,YES,3
3.01427,0,I,32,7,AC VO,YES,3
3.01427,0,I,33,7,AC VO,YES,3
3.01427,0,I,34,7,AC VO,YES,3
3.01427,0,I,35,7,AC VO,YES,3
3.01427,0,I,36,7,AC VO,YES,3
3.01427,0,I,37,7,AC VO,YES,3
3.01427,0,I,40,7,AC VO,YES,3
3.01427,0,I,41,7,AC VO,YES,3
3.01427,0,I,43,7,AC VO,YES,3
3.01427,0,I,44,7,AC VO,YES,3
3.01427,0,I,45,7,AC VO,YES,3
3.01427,0,I,47,7,AC VO,YES,3
3.01427,0,I,48,7,AC VO,YES,3
3.01427,0,I,49,7,AC VO,YES,3
3.01466,0,I,1,7,AC VO,YES,4
3.01466,0,I,6,7,AC VO,YES,4
3.01466,0,I,9,7,AC VO,YES,4
3.01466,0,I,10,7,AC VO,YES,4
3.01466,0,I,12,7,AC VO,YES,4
3.01466,0,I,17,7,AC VO,YES,4
3.01466,0,I,22,7,AC VO,YES,4
3.01466,0,I,23,7,AC VO,YES,4
3.01466,0,I,30,7,AC VO,YES,4
3.01466,0,I,39,7,AC VO,YES,4
3.01466,0,I,46,7,AC VO,YES,4
3.01488,0,I,38,7,AC VO,YES,5
3.01508,0,I,15,7,AC VO,YES,6
3.01508,0,I,25,7,AC VO,YES,6
3.01508,0,I,42,7,AC VO,YES,6
3.04584,1,B,1,3,AC BE,YES,7
3.0462,1,B,0,3,AC BE,YES,8
3.0462,1,B,2,3,AC BE,YES,8
3.0462,1,B,3,3,AC BE,YES,8
3.04642,1,B,4,3,AC BE,YES,9
3.07708,2,B,0,3,AC BE,YES,10
3.07733,2,B,1,3,AC BE,YES,11
3.07733,2,B,3,3,AC BE,YES,11
3.07759,2,B,2,3,AC BE,YES,12
3.08005,2,B,4,3,AC BE,YES,13
3.11095,3,P,1,3,AC BE,YES,14
3.11095,3,P,3,3,AC BE,YES,14
3.11095,3,P,4,3,AC BE,YES,14
3.11095,3,P,5,3,AC BE,YES,14
3.11095,3,P,6,3,AC BE,YES,14
3.11095,3,P,11,3,AC BE,YES,14
3.11095,3,P,12,3,AC BE,YES,14
3.11095,3,P,13,3,AC BE,YES,14
3.11095,3,P,14,3,AC BE,YES,14
3.11095,3,P,15,3,AC BE,YES,14
3.11095,3,P,18,3,AC BE,YES,14
3.11095,3,P,19,3,AC BE,YES,14
3.11095,3,P,20,3,AC BE,YES,14
3.11095,3,P,22,3,AC BE,YES,14
3.11095,3,P,23,3,AC BE,YES,14
3.11095,3,P,25,3,AC BE,YES,14
3.11095,3,P,26,3,AC BE,YES,14
3.11095,3,P,27,3,AC BE,YES,14
3.11136,3,P,0,3,AC BE,YES,15
3.11136,3,P,2,3,AC BE,YES,15
3.11136,3,P,7,3,AC BE,YES,15
3.11136,3,P,8,3,AC BE,YES,15
3.11136,3,P,9,3,AC BE,YES,15
3.11136,3,P,10,3,AC BE,YES,15
3.11136,3,P,16,3,AC BE,YES,15
3.11136,3,P,21,3,AC BE,YES,15
3.11136,3,P,24,3,AC BE,YES,15
3.11136,3,P,28,3,AC BE,YES,15
3.11136,3,P,29,3,AC BE,YES,15
3.11168,3,P,17,3,AC BE,YES,16
3.14307,4,B,0,3,AC BE,YES,17
3.14336,4,B,1,3,AC BE,YES,18
3.14336,4,B,2,3,AC BE,YES,18
3.14336,4,B,3,3,AC BE,YES,18
3.14336,4,B,4,3,AC BE,YES,18
3.17649,5,B,0,3,AC BE,YES,19
3.17649,5,B,2,3,AC BE,YES,19
3.17649,5,B,4,3,AC BE,YES,19
3.17681,5,B,1,3,AC BE,YES,20
3.17812,5,B,3,3,AC BE,YES,21
3.20908,6,P,0,3,AC BE,YES,22
3.20976,6,P,1,3,AC BE,YES,23
3.20976,6,P,2,3,AC BE,YES,23
3.20976,6,P,3,3,AC BE,YES,23
3.20976,6,P,4,3,AC BE,YES,23
3.20976,6,P,5,3,AC BE,YES,23
3.20976,6,P,6,3,AC BE,YES,23
3.20976,6,P,7,3,AC BE,YES,23
3.20976,6,P,8,3,AC BE,YES,23
3.20976,6,P,9,3,AC BE,YES,23
3.20976,6,P,11,3,AC BE,YES,23
3.20976,6,P,12,3,AC BE,YES,23
3.20976,6,P,14,3,AC BE,YES,23
3.20976,6,P,15,3,AC BE,YES,23
3.20976,6,P,17,3,AC BE,YES,23
3.20976,6,P,18,3,AC BE,YES,23
3.20976,6,P,19,3,AC BE,YES,23
3.20976,6,P,22,3,AC BE,YES,23
3.20976,6,P,23,3,AC BE,YES,23
3.20976,6,P,26,3,AC BE,YES,23
3.21022,6,P,10,3,AC BE,YES,24
3.21022,6,P,13,3,AC BE,YES,24
3.21022,6,P,16,3,AC BE,YES,24
3.21022,6,P,20,3,AC BE,YES,24
3.21022,6,P,24,3,AC BE,YES,24
3.21022,6,P,25,3,AC BE,YES,24
3.21046,6,P,21,3,AC BE,YES,25
3.21046,6,P,27,3,AC BE,YES,25
3.21069,6,P,28,3,AC BE,YES,26
3.21069,6,P,29,3,AC BE,YES,26
3.24229,7,B,1,3,AC BE,YES,27
3.24229,7,B,2,3,AC BE,YES,27
3.24253,7,B,0,3,AC BE,YES,28
3.24275,7,B,3,3,AC BE,YES,29
3.24275,7,B,4,3,AC BE,YES,29
3.27507,8,B,0,3,AC BE,YES,30
3.27537,8,B,1,3,AC BE,YES,31
3.27537,8,B,4,3,AC BE,YES,31
3.27559,8,B,2,3,AC BE,YES,32
3.27559,8,B,3,3,AC BE,YES,32
3.30808,9,P,0,3,AC BE,YES,33
3.30863,9,P,1,3,AC BE,YES,34
3.30863,9,P,3,3,AC BE,YES,34
3.30863,9,P,4,3,AC BE,YES,34
3.30863,9,P,6,3,AC BE,YES,34
3.30863,9,P,7,3,AC BE,YES,34
3.30863,9,P,8,3,AC BE,YES,34
3.30863,9,P,11,3,AC BE,YES,34
3.30863,9,P,12,3,AC BE,YES,34
3.30863,9,P,13,3,AC BE,YES,34
3.30863,9,P,14,3,AC BE,YES,34
3.30863,9,P,16,3,AC BE,YES,34
3.30863,9,P,17,3,AC BE,YES,34
3.30863,9,P,18,3,AC BE,YES,34
3.30863,9,P,19,3,AC BE,YES,34
3.30863,9,P,20,3,AC BE,YES,34
3.30863,9,P,21,3,AC BE,YES,34
3.30863,9,P,22,3,AC BE,YES,34
3.30901,9,P,2,3,AC BE,YES,35
3.30901,9,P,9,3,AC BE,YES,35
3.30901,9,P,10,3,AC BE,YES,35
3.30901,9,P,15,3,AC BE,YES,35
3.30901,9,P,23,3,AC BE,YES,35
3.30901,9,P,24,3,AC BE,YES,35
3.30901,9,P,25,3,AC BE,YES,35
3.30901,9,P,26,3,AC BE,YES,35
3.30901,9,P,28,3,AC BE,YES,35
3.30901,9,P,29,3,AC BE,YES,35
3.30925,9,P,27,3,AC BE,YES,36
3.30997,9,P,5,3,AC BE,YES,37
3.34139,10,B,1,3,AC BE,YES,38
3.34139,10,B,2,3,AC BE,YES,38
3.34139,10,B,4,3,AC BE,YES,38
3.34172,10,B,0,3,AC BE,YES,39
3.34172,10,B,3,3,AC BE,YES,39
3.37431,11,B,1,3,AC BE,YES,40
3.37431,11,B,2,3,AC BE,YES,40
3.37431,11,B,4,3,AC BE,YES,40
3.37465,11,B,0,3,AC BE,YES,41
3.37465,11,B,3,3,AC BE,YES,41
3.40708,12,P,0,3,AC BE,YES,42
3.40745,12,P,1,3,AC BE,YES,43
3.40745,12,P,3,3,AC BE,YES,43
3.40745,12,P,6,3,AC BE,YES,43
3.40745,12,P,7,3,AC BE,YES,43
3.40745,12,P,8,3,AC BE,YES,43
3.40745,12,P,9,3,AC BE,YES,43
3.40745,12,P,11,3,AC BE,YES,43
3.40745,12,P,14,3,AC BE,YES,43
3.40745,12,P,15,3,AC BE,YES,43
3.40798,12,P,2,3,AC BE,YES,44
3.40798,12,P,4,3,AC BE,YES,44
3.40798,12,P,5,3,AC BE,YES,44
3.40798,12,P,10,3,AC BE,YES,44
3.40798,12,P,12,3,AC BE,YES,44
3.40798,12,P,13,3,AC BE,YES,44
3.40798,12,P,16,3,AC BE,YES,44
3.40798,12,P,17,3,AC BE,YES,44
3.40798,12,P,18,3,AC BE,YES,44
3.40798,12,P,20,3,AC BE,YES,44
3.40798,12,P,21,3,AC BE,YES,44
3.40798,12,P,22,3,AC BE,YES,44
3.40798,12,P,24,3,AC BE,YES,44
3.40798,12,P,26,3,AC BE,YES,44
3.40798,12,P,27,3,AC BE,YES,44
3.40798,12,P,28,3,AC BE,YES,44
3.40798,12,P,29,3,AC BE,YES,44
3.40829,12,P,25,3,AC BE,YES,45
3.40851,12,P,19,3,AC BE,YES,46
3.40851,12,P,23,3,AC BE,YES,46
3.44044,13,B,1,3,AC BE,YES,47
3.44044,13,B,2,3,AC BE,YES,47
3.44044,13,B,3,3,AC BE,YES,47
3.44071,13,B,0,3,AC BE,YES,48
3.44071,13,B,4,3,AC BE,YES,48
3.47307,14,B,0,3,AC BE,YES,49
3.47333,14,B,3,3,AC BE,YES,50
3.47364,14,B,1,3,AC BE,YES,51
3.47364,14,B,2,3,AC BE,YES,51
3.47393,14,B,4,3,AC BE,YES,52
3.5069,15,P,2,3,AC BE,YES,53
3.5069,15,P,3,3,AC BE,YES,53
3.5069,15,P,4,3,AC BE,YES,53
3.5069,15,P,5,3,AC BE,YES,53
3.5069,15,P,6,3,AC BE,YES,53
3.5069,15,P,7,3,AC BE,YES,53
3.5069,15,P,8,3,AC BE,YES,53
3.5069,15,P,11,3,AC BE,YES,53
3.5069,15,P,12,3,AC BE,YES,53
3.5069,15,P,13,3,AC BE,YES,53
3.5069,15,P,14,3,AC BE,YES,53
3.5069,15,P,16,3,AC BE,YES,53
3.5069,15,P,17,3,AC BE,YES,53
3.5069,15,P,19,3,AC BE,YES,53
3.5069,15,P,20,3,AC BE,YES,53
3.5069,15,P,22,3,AC BE,YES,53
3.5069,15,P,23,3,AC BE,YES,53
3.5069,15,P,24,3,AC BE,YES,53
3.5069,15,P,25,3,AC BE,YES,53
3.5069,15,P,26,3,AC BE,YES,53
3.5069,15,P,27,3,AC BE,YES,53
3.5069,15,P,28,3,AC BE,YES,53
3.50732,15,P,0,3,AC BE,YES,54
3.50732,15,P,10,3,AC BE,YES,54
3.50732,15,P,15,3,AC BE,YES,54
3.50732,15,P,21,3,AC BE,YES,54
3.50732,15,P,29,3,AC BE,YES,54
3.50759,15,P,1,3,AC BE,YES,55
3.50759,15,P,18,3,AC BE,YES,55
3.50821,15,P,9,3,AC BE,YES,56
3.53908,16,B,0,3,AC BE,YES,57
3.53936,16,B,2,3,AC BE,YES,58
3.53936,16,B,3,3,AC BE,YES,58
3.53967,16,B,1,3,AC BE,YES,59
3.53967,16,B,4,3,AC BE,YES,59
3.57241,17,B,0,3,AC BE,YES,60
3.57241,17,B,1,3,AC BE,YES,60
3.57241,17,B,2,3,AC BE,YES,60
3.57241,17,B,3,3,AC BE,YES,60
3.57241,17,B,4,3,AC BE,YES,60
3.60563,18,P,0,3,AC BE,YES,61
3.60563,18,P,1,3,AC BE,YES,61
3.60563,18,P,2,3,AC BE,YES,61
3.60563,18,P,3,3,AC BE,YES,61
3.60563,18,P,7,3,AC BE,YES,61
3.60563,18,P,9,3,AC BE,YES,61
3.60563,18,P,10,3,AC BE,YES,61
3.60563,18,P,12,3,AC BE,YES,61
3.60563,18,P,13,3,AC BE,YES,61
3.60563,18,P,14,3,AC BE,YES,61
3.60563,18,P,15,3,AC BE,YES,61
3.60563,18,P,16,3,AC BE,YES,61
3.60563,18,P,17,3,AC BE,YES,61
3.60563,18,P,18,3,AC BE,YES,61
3.60563,18,P,19,3,AC BE,YES,61
3.60614,18,P,4,3,AC BE,YES,62
3.60614,18,P,5,3,AC BE,YES,62
3.60614,18,P,6,3,AC BE,YES,62
3.60614,18,P,8,3,AC BE,YES,62
3.60614,18,P,21,3,AC BE,YES,62
3.60614,18,P,25,3,AC BE,YES,62
3.60614,18,P,26,3,AC BE,YES,62
3.60614,18,P,27,3,AC BE,YES,62
3.60614,18,P,28,3,AC BE,YES,62
3.60652,18,P,11,3,AC BE,YES,63
3.60652,18,P,20,3,AC BE,YES,63
3.60652,18,P,22,3,AC BE,YES,63
3.60652,18,P,23,3,AC BE,YES,63
3.60652,18,P,24,3,AC BE,YES,63
3.60652,18,P,29,3,AC BE,YES,63
3.63852,19,B,0,3,AC BE,YES,64
3.63852,19,B,1,3,AC BE,YES,64
3.63852,19,B,2,3,AC BE,YES,64
3.63887,19,B,3,3,AC BE,YES,65
3.63887,19,B,4,3,AC BE,YES,65
3.67137,20,B,0,3,AC BE,YES,66
3.67137,20,B,1,3,AC BE,YES,66
3.67137,20,B,2,3,AC BE,YES,66
3.67137,20,B,3,3,AC BE,YES,66
3.67137,20,B,4,3,AC BE,YES,66
3.70408,21,P,0,3,AC BE,YES,67
3.70463,21,P,1,3,AC BE,YES,68
3.70463,21,P,2,3,AC BE,YES,68
3.70463,21,P,3,3,AC BE,YES,68
3.70463,21,P,4,3,AC BE,YES,68
3.70463,21,P,5,3,AC BE,YES,68
3.70463,21,P,6,3,AC BE,YES,68
3.70463,21,P,7,3,AC BE,YES,68
3.70463,21,P,8,3,AC BE,YES,68
3.70463,21,P,10,3,AC BE,YES,68
3.70463,21,P,11,3,AC BE,YES,68
3.70463,21,P,12,3,AC BE,YES,68
3.70463,21,P,16,3,AC BE,YES,68
3.70463,21,P,17,3,AC BE,YES,68
3.70463,21,P,18,3,AC BE,YES,68
3.70463,21,P,20,3,AC BE,YES,68
3.70463,21,P,22,3,AC BE,YES,68
3.70504,21,P,13,3,AC BE,YES,69
3.70504,21,P,14,3,AC BE,YES,69
3.70504,21,P,15,3,AC BE,YES,69
3.70504,21,P,19,3,AC BE,YES,69
3.70504,21,P,21,3,AC BE,YES,69
3.70504,21,P,23,3,AC BE,YES,69
3.70504,21,P,24,3,AC BE,YES,69
3.70504,21,P,25,3,AC BE,YES,69
3.70504,21,P,26,3,AC BE,YES,69
3.70504,21,P,27,3,AC BE,YES,69
3.70533,21,P,29,3,AC BE,YES,70
3.7056,21,P,9,3,AC BE,YES,71
3.7056,21,P,28,3,AC BE,YES,71
3.73708,22,B,0,3,AC BE,YES,72
3.73739,22,B,3,3,AC BE,YES,73
3.73762,22,B,1,3,AC BE,YES,74
3.73762,22,B,4,3,AC BE,YES,74
3.73792,22,B,2,3,AC BE,YES,75
3.77008,23,B,0,3,AC BE,YES,76
3.77032,23,B,1,3,AC BE,YES,77
3.77032,23,B,4,3,AC BE,YES,77
3.77065,23,B,2,3,AC BE,YES,78
3.77065,23,B,3,3,AC BE,YES,78
3.80308,24,P,0,3,AC BE,YES,79
3.80353,24,P,2,3,AC BE,YES,80
3.80353,24,P,3,3,AC BE,YES,80
3.80353,24,P,4,3,AC BE,YES,80
3.80353,24,P,6,3,AC BE,YES,80
3.80353,24,P,7,3,AC BE,YES,80
3.80353,24,P,8,3,AC BE,YES,80
3.80353,24,P,9,3,AC BE,YES,80
3.80353,24,P,10,3,AC BE,YES,80
3.80353,24,P,11,3,AC BE,YES,80
3.80353,24,P,12,3,AC BE,YES,80
3.80353,24,P,13,3,AC BE,YES,80
3.80353,24,P,14,3,AC BE,YES,80
3.80353,24,P,16,3,AC BE,YES,80
3.80353,24,P,17,3,AC BE,YES,80
3.80353,24,P,18,3,AC BE,YES,80
3.80396,24,P,1,3,AC BE,YES,81
3.80396,24,P,5,3,AC BE,YES,81
3.80396,24,P,15,3,AC BE,YES,81
3.80396,24,P,19,3,AC BE,YES,81
3.80396,24,P,20,3,AC BE,YES,81
3.80396,24,P,21,3,AC BE,YES,81
3.80396,24,P,22,3,AC BE,YES,81
3.80396,24,P,23,3,AC BE,YES,81
3.80396,24,P,26,3,AC BE,YES,81
3.80396,24,P,27,3,AC BE,YES,81
3.80423,24,P,24,3,AC BE,YES,82
3.80423,24,P,28,3,AC BE,YES,82
3.80423,24,P,29,3,AC BE,YES,82
3.80453,24,P,25,3,AC BE,YES,83
3.83607,25,B,0,3,AC BE,YES,84
3.83634,25,B,1,3,AC BE,YES,85
3.83634,25,B,3,3,AC BE,YES,85
3.83663,25,B,2,3,AC BE,YES,86
3.83733,25,B,4,3,AC BE,YES,87
3.86908,26,B,0,3,AC BE,YES,88
3.86931,26,B,1,3,AC BE,YES,89
3.86931,26,B,2,3,AC BE,YES,89
3.86931,26,B,3,3,AC BE,YES,89
3.86931,26,B,4,3,AC BE,YES,89
3.90295,27,P,1,3,AC BE,YES,90
3.90295,27,P,3,3,AC BE,YES,90
3.90295,27,P,4,3,AC BE,YES,90
3.90295,27,P,5,3,AC BE,YES,90
3.90295,27,P,6,3,AC BE,YES,90
3.90295,27,P,7,3,AC BE,YES,90
3.90295,27,P,8,3,AC BE,YES,90
3.90295,27,P,9,3,AC BE,YES,90
3.90295,27,P,11,3,AC BE,YES,90
3.90295,27,P,12,3,AC BE,YES,90
3.90295,27,P,13,3,AC BE,YES,90
3.90295,27,P,14,3,AC BE,YES,90
3.90295,27,P,16,3,AC BE,YES,90
3.90295,27,P,17,3,AC BE,YES,90
3.90295,27,P,18,3,AC BE,YES,90
3.90295,27,P,20,3,AC BE,YES,90
3.90295,27,P,21,3,AC BE,YES,90
3.90295,27,P,22,3,AC BE,YES,90
3.90295,27,P,23,3,AC BE,YES,90
3.90295,27,P,24,3,AC BE,YES,90
3.90295,27,P,25,3,AC BE,YES,90
3.90295,27,P,26,3,AC BE,YES,90
3.90295,27,P,28,3,AC BE,YES,90
3.90336,27,P,2,3,AC BE,YES,91
3.90336,27,P,10,3,AC BE,YES,91
3.90336,27,P,19,3,AC BE,YES,91
3.90336,27,P,29,3,AC BE,YES,91
3.9036,27,P,0,3,AC BE,YES,92
3.9036,27,P,15,3,AC BE,YES,92
3.9036,27,P,27,3,AC BE,YES,92
3.93539,28,B,0,3,AC BE,YES,93
3.93539,28,B,1,3,AC BE,YES,93
3.93539,28,B,3,3,AC BE,YES,93
3.93539,28,B,4,3,AC BE,YES,93
3.93565,28,B,2,3,AC BE,YES,94
3.96808,29,B,0,3,AC BE,YES,95
3.96831,29,B,1,3,AC BE,YES,96
3.96831,29,B,2,3,AC BE,YES,96
3.96831,29,B,3,3,AC BE,YES,96
3.96897,29,B,4,3,AC BE,YES,97
4.00197,30,P,1,3,AC BE,YES,98
4.00197,30,P,5,3,AC BE,YES,98
4.00197,30,P,6,3,AC BE,YES,98
4.00197,30,P,7,3,AC BE,YES,98
4.00197,30,P,8,3,AC BE,YES,98
4.00197,30,P,10,3,AC BE,YES,98
4.00197,30,P,11,3,AC BE,YES,98
4.00197,30,P,12,3,AC BE,YES,98
4.00197,30,P,14,3,AC BE,YES,98
4.00197,30,P,15,3,AC BE,YES,98
4.00197,30,P,16,3,AC BE,YES,98
4.00197,30,P,17,3,AC BE,YES,98
4.00197,30,P,18,3,AC BE,YES,98
4.00197,30,P,19,3,AC BE,YES,98
4.00197,30,P,20,3,AC BE,YES,98
4.00197,30,P,24,3,AC BE,YES,98
4.00197,30,P,25,3,AC BE,YES,98
4.00197,30,P,26,3,AC BE,YES,98
4.00237,30,P,0,3,AC BE,YES,99
4.00237,30,P,2,3,AC BE,YES,99
4.00237,30,P,3,3,AC BE,YES,99
4.00237,30,P,4,3,AC BE,YES,99
4.00237,30,P,9,3,AC BE,YES,99
4.00237,30,P,13,3,AC BE,YES,99
4.00237,30,P,21,3,AC BE,YES,99
4.00237,30,P,23,3,AC BE,YES,99
4.00237,30,P,29,3,AC BE,YES,99
4.00265,30,P,22,3,AC BE,YES,100
4.00265,30,P,27,3,AC BE,YES,100
4.00265,30,P,28,3,AC BE,YES,100
4.03455,31,B,0,3,AC BE,YES,101
4.03455,31,B,1,3,AC BE,YES,101
4.03455,31,B,4,3,AC BE,YES,101
4.03478,31,B,3,3,AC BE,YES,102
4.03501,31,B,2,3,AC BE,YES,103
4.06708,32,B,0,3,AC BE,YES,104
4.0673,32,B,1,3,AC BE,YES,105
4.0676,32,B,2,3,AC BE,YES,106
4.0676,32,B,3,3,AC BE,YES,106
4.06826,32,B,4,3,AC BE,YES,107
4.10007,33,P,0,3,AC BE,YES,108
4.10058,33,P,1,3,AC BE,YES,109
4.10058,33,P,2,3,AC BE,YES,109
4.10058,33,P,3,3,AC BE,YES,109
4.10058,33,P,4,3,AC BE,YES,109
4.10058,33,P,5,3,AC BE,YES,109
4.10058,33,P,8,3,AC BE,YES,109
4.10058,33,P,11,3,AC BE,YES,109
4.10058,33,P,12,3,AC BE,YES,109
4.10058,33,P,13,3,AC BE,YES,109
4.10058,33,P,14,3,AC BE,YES,109
4.10058,33,P,15,3,AC BE,YES,109
4.10058,33,P,18,3,AC BE,YES,109
4.10111,33,P,6,3,AC BE,YES,110
4.10111,33,P,7,3,AC BE,YES,110
4.10111,33,P,9,3,AC BE,YES,110
4.10111,33,P,10,3,AC BE,YES,110
4.10111,33,P,16,3,AC BE,YES,110
4.10111,33,P,19,3,AC BE,YES,110
4.10111,33,P,20,3,AC BE,YES,110
4.10111,33,P,21,3,AC BE,YES,110
4.10111,33,P,22,3,AC BE,YES,110
4.10111,33,P,23,3,AC BE,YES,110
4.10111,33,P,25,3,AC BE,YES,110
4.10111,33,P,26,3,AC BE,YES,110
4.10111,33,P,27,3,AC BE,YES,110
4.1014,33,P,17,3,AC BE,YES,111
4.1014,33,P,24,3,AC BE,YES,111
4.1014,33,P,28,3,AC BE,YES,111
4.10171,33,P,29,3,AC BE,YES,112
4.13307,34,B,0,3,AC BE,YES,113
4.13336,34,B,1,3,AC BE,YES,114
4.13336,34,B,3,3,AC BE,YES,114
4.13336,34,B,4,3,AC BE,YES,114
4.13392,34,B,2,3,AC BE,YES,115
4.16629,35,B,0,3,AC BE,YES,116
4.16629,35,B,3,3,AC BE,YES,116
4.16629,35,B,4,3,AC BE,YES,116
4.16664,35,B,1,3,AC BE,YES,117
4.16664,35,B,2,3,AC BE,YES,117
4.19975,36,P,0,3,AC BE,YES,118
4.19975,36,P,3,3,AC BE,YES,118
4.19975,36,P,6,3,AC BE,YES,118
4.19975,36,P,7,3,AC BE,YES,118
4.19975,36,P,10,3,AC BE,YES,118
4.19975,36,P,11,3,AC BE,YES,118
4.19975,36,P,12,3,AC BE,YES,118
4.19975,36,P,13,3,AC BE,YES,118
4.19975,36,P,15,3,AC BE,YES,118
4.19975,36,P,17,3,AC BE,YES,118
4.19975,36,P,18,3,AC BE,YES,118
4.19975,36,P,19,3,AC BE,YES,118
4.19975,36,P,20,3,AC BE,YES,118
4.19975,36,P,21,3,AC BE,YES,118
4.19975,36,P,22,3,AC BE,YES,118
4.19975,36,P,24,3,AC BE,YES,118
4.20018,36,P,1,3,AC BE,YES,119
4.20018,36,P,2,3,AC BE,YES,119
4.20018,36,P,4,3,AC BE,YES,119
4.20018,36,P,5,3,AC BE,YES,119
4.20018,36,P,8,3,AC BE,YES,119
4.20018,36,P,14,3,AC BE,YES,119
4.20018,36,P,16,3,AC BE,YES,119
4.20018,36,P,23,3,AC BE,YES,119
4.20018,36,P,25,3,AC BE,YES,119
4.20018,36,P,26,3,AC BE,YES,119
4.20018,36,P,27,3,AC BE,YES,119
4.20085,36,P,9,3,AC BE,YES,120
4.20085,36,P,28,3,AC BE,YES,120
4.20085,36,P,29,3,AC BE,YES,120
4.23242,37,B,1,3,AC BE,YES,121
4.23242,37,B,2,3,AC BE,YES,121
4.23242,37,B,3,3,AC BE,YES,121
4.23275,37,B,0,3,AC BE,YES,122
4.23275,37,B,4,3,AC BE,YES,122
4.26533,38,B,0,3,AC BE,YES,123
4.26533,38,B,1,3,AC BE,YES,123
4.26533,38,B,3,3,AC BE,YES,123
4.26625,38,B,2,3,AC BE,YES,124
4.26652,38,B,4,3,AC BE,YES,125
4.29846,39,P,1,3,AC BE,YES,126
4.29846,39,P,3,3,AC BE,YES,126
4.29846,39,P,4,3,AC BE,YES,126
4.29846,39,P,5,3,AC BE,YES,126
4.29846,39,P,6,3,AC BE,YES,126
4.29846,39,P,7,3,AC BE,YES,126
4.29846,39,P,8,3,AC BE,YES,126
4.29846,39,P,10,3,AC BE,YES,126
4.29846,39,P,11,3,AC BE,YES,126
4.29846,39,P,13,3,AC BE,YES,126
4.29846,39,P,14,3,AC BE,YES,126
4.29905,39,P,0,3,AC BE,YES,127
4.29905,39,P,15,3,AC BE,YES,127
4.29905,39,P,17,3,AC BE,YES,127
4.29905,39,P,18,3,AC BE,YES,127
4.29905,39,P,19,3,AC BE,YES,127
4.29905,39,P,20,3,AC BE,YES,127
4.29905,39,P,21,3,AC BE,YES,127
4.29905,39,P,22,3,AC BE,YES,127
4.29905,39,P,23,3,AC BE,YES,127
4.29905,39,P,24,3,AC BE,YES,127
4.29905,39,P,25,3,AC BE,YES,127
4.29905,39,P,27,3,AC BE,YES,127
4.29905,39,P,28,3,AC BE,YES,127
4.29905,39,P,29,3,AC BE,YES,127
4.29937,39,P,2,3,AC BE,YES,128
4.29937,39,P,9,3,AC BE,YES,128
4.29937,39,P,12,3,AC BE,YES,128
4.29937,39,P,16,3,AC BE,YES,128
4.29966,39,P,26,3,AC BE,YES,129
4.33108,40,B,0,3,AC BE,YES,130
4.33141,40,B,1,3,AC BE,YES,131
4.33141,40,B,2,3,AC BE,YES,131
4.33165,40,B,4,3,AC BE,YES,132
4.33221,40,B,3,3,AC BE,YES,133
4.36446,41,B,1,3,AC BE,YES,134
4.36446,41,B,2,3,AC BE,YES,134
4.36446,41,B,3,3,AC BE,YES,134
4.36477,41,B,0,3,AC BE,YES,135
4.36477,41,B,4,3,AC BE,YES,135
4.39707,42,P,0,3,AC BE,YES,136
4.39776,42,P,1,3,AC BE,YES,137
4.39776,42,P,2,3,AC BE,YES,137
4.39776,42,P,3,3,AC BE,YES,137
4.39776,42,P,5,3,AC BE,YES,137
4.39776,42,P,6,3,AC BE,YES,137
4.39776,42,P,7,3,AC BE,YES,137
4.39776,42,P,8,3,AC BE,YES,137
4.39776,42,P,9,3,AC BE,YES,137
4.39776,42,P,10,3,AC BE,YES,137
4.39776,42,P,12,3,AC BE,YES,137
4.39776,42,P,16,3,AC BE,YES,137
4.39776,42,P,17,3,AC BE,YES,137
4.39776,42,P,18,3,AC BE,YES,137
4.39776,42,P,21,3,AC BE,YES,137
4.39776,42,P,22,3,AC BE,YES,137
4.39776,42,P,23,3,AC BE,YES,137
4.39776,42,P,24,3,AC BE,YES,137
4.39776,42,P,25,3,AC BE,YES,137
4.39776,42,P,27,3,AC BE,YES,137
4.39814,42,P,11,3,AC BE,YES,138
4.39814,42,P,13,3,AC BE,YES,138
4.39814,42,P,19,3,AC BE,YES,138
4.39814,42,P,20,3,AC BE,YES,138
4.39814,42,P,26,3,AC BE,YES,138
4.39814,42,P,28,3,AC BE,YES,138
4.39814,42,P,29,3,AC BE,YES,138
4.39842,42,P,4,3,AC BE,YES,139
4.39872,42,P,14,3,AC BE,YES,140
4.39891,42,P,15,3,AC BE,YES,141
4.43008,43,B,0,3,AC BE,YES,142
4.4304,43,B,2,3,AC BE,YES,143
4.4304,43,B,3,3,AC BE,YES,143
4.4304,43,B,4,3,AC BE,YES,143
4.43062,43,B,1,3,AC BE,YES,144
4.46308,44,B,0,3,AC BE,YES,145
4.46334,44,B,1,3,AC BE,YES,146
4.46334,44,B,2,3,AC BE,YES,146
4.46334,44,B,3,3,AC BE,YES,146
4.46334,44,B,4,3,AC BE,YES,146
4.49608,45,P,0,3,AC BE,YES,147
4.49648,45,P,1,3,AC BE,YES,148
4.49648,45,P,2,3,AC BE,YES,148
4.49648,45,P,3,3,AC BE,YES,148
4.49648,45,P,4,3,AC BE,YES,148
4.49648,45,P,7,3,AC BE,YES,148
4.49648,45,P,8,3,AC BE,YES,148
4.49648,45,P,10,3,AC BE,YES,148
4.49648,45,P,11,3,AC BE,YES,148
4.49648,45,P,12,3,AC BE,YES,148
4.49648,45,P,16,3,AC BE,YES,148
4.49704,45,P,9,3,AC BE,YES,149
4.49704,45,P,13,3,AC BE,YES,149
4.49704,45,P,14,3,AC BE,YES,149
4.49704,45,P,17,3,AC BE,YES,149
4.49704,45,P,18,3,AC BE,YES,149
4.49704,45,P,19,3,AC BE,YES,149
4.49704,45,P,20,3,AC BE,YES,149
4.49704,45,P,21,3,AC BE,YES,149
4.49704,45,P,23,3,AC BE,YES,149
4.49704,45,P,24,3,AC BE,YES,149
4.49704,45,P,27,3,AC BE,YES,149
4.49704,45,P,28,3,AC BE,YES,149
4.49704,45,P,29,3,AC BE,YES,149
4.49734,45,P,5,3,AC BE,YES,150
4.49734,45,P,6,3,AC BE,YES,150
4.49734,45,P,15,3,AC BE,YES,150
4.49734,45,P,25,3,AC BE,YES,150
4.49764,45,P,22,3,AC BE,YES,151
4.49792,45,P,26,3,AC BE,YES,152
4.52954,46,B,0,3,AC BE,YES,153
4.52954,46,B,1,3,AC BE,YES,153
4.52954,46,B,2,3,AC BE,YES,153
4.52954,46,B,3,3,AC BE,YES,153
4.52954,46,B,4,3,AC BE,YES,153
4.56208,47,B,0,3,AC BE,YES,154
4.5623,47,B,1,3,AC BE,YES,155
4.5623,47,B,3,3,AC BE,YES,155
4.56261,47,B,2,3,AC BE,YES,156
4.56261,47,B,4,3,AC BE,YES,156
4.5959,48,P,2,3,AC BE,YES,157
4.5959,48,P,4,3,AC BE,YES,157
4.5959,48,P,6,3,AC BE,YES,157
4.5959,48,P,7,3,AC BE,YES,157
4.5959,48,P,8,3,AC BE,YES,157
4.5959,48,P,9,3,AC BE,YES,157
4.5959,48,P,11,3,AC BE,YES,157
4.5959,48,P,12,3,AC BE,YES,157
4.5959,48,P,13,3,AC BE,YES,157
4.5959,48,P,14,3,AC BE,YES,157
4.5959,48,P,15,3,AC BE,YES,157
4.5959,48,P,16,3,AC BE,YES,157
4.5959,48,P,17,3,AC BE,YES,157
4.5959,48,P,18,3,AC BE,YES,157
4.5959,48,P,19,3,AC BE,YES,157
4.5959,48,P,20,3,AC BE,YES,157
4.5959,48,P,21,3,AC BE,YES,157
4.5959,48,P,23,3,AC BE,YES,157
4.5959,48,P,24,3,AC BE,YES,157
4.5959,48,P,25,3,AC BE,YES,157
4.5959,48,P,26,3,AC BE,YES,157
4.5959,48,P,27,3,AC BE,YES,157
4.5959,48,P,28,3,AC BE,YES,157
4.5959,48,P,29,3,AC BE,YES,157
4.59619,48,P,0,3,AC BE,YES,158
4.59619,48,P,5,3,AC BE,YES,158
4.59619,48,P,10,3,AC BE,YES,158
4.59619,48,P,22,3,AC BE,YES,158
4.59644,48,P,1,3,AC BE,YES,159
4.59644,48,P,3,3,AC BE,YES,159
4.62807,49,B,0,3,AC BE,YES,160
4.62831,49,B,3,3,AC BE,YES,161
4.62831,49,B,4,3,AC BE,YES,161
4.62852,49,B,1,3,AC BE,YES,162
4.62852,49,B,2,3,AC BE,YES,162
4.66108,50,B,0,3,AC BE,YES,163
4.66134,50,B,1,3,AC BE,YES,164
4.66134,50,B,2,3,AC BE,YES,164
4.66134,50,B,3,3,AC BE,YES,164
4.66154,50,B,4,3,AC BE,YES,165
4.69408,51,P,0,3,AC BE,YES,166
4.69476,51,P,1,3,AC BE,YES,167
4.69476,51,P,2,3,AC BE,YES,167
4.69476,51,P,3,3,AC BE,YES,167
4.69476,51,P,4,3,AC BE,YES,167
4.69476,51,P,5,3,AC BE,YES,167
4.69476,51,P,6,3,AC BE,YES,167
4.69476,51,P,7,3,AC BE,YES,167
4.69476,51,P,9,3,AC BE,YES,167
4.69476,51,P,10,3,AC BE,YES,167
4.69476,51,P,11,3,AC BE,YES,167
4.69476,51,P,12,3,AC BE,YES,167
4.69476,51,P,13,3,AC BE,YES,167
4.69476,51,P,14,3,AC BE,YES,167
4.69476,51,P,17,3,AC BE,YES,167
4.69476,51,P,18,3,AC BE,YES,167
4.69476,51,P,19,3,AC BE,YES,167
4.69476,51,P,20,3,AC BE,YES,167
4.69476,51,P,21,3,AC BE,YES,167
4.69476,51,P,22,3,AC BE,YES,167
4.69476,51,P,23,3,AC BE,YES,167
4.69476,51,P,26,3,AC BE,YES,167
4.69513,51,P,8,3,AC BE,YES,168
4.69513,51,P,24,3,AC BE,YES,168
4.69513,51,P,27,3,AC BE,YES,168
4.6954,51,P,25,3,AC BE,YES,169
4.6954,51,P,28,3,AC BE,YES,169
4.6954,51,P,29,3,AC BE,YES,169
4.69573,51,P,16,3,AC BE,YES,170
4.69597,51,P,15,3,AC BE,YES,171
4.72708,52,B,0,3,AC BE,YES,172
4.72738,52,B,1,3,AC BE,YES,173
4.72738,52,B,3,3,AC BE,YES,173
4.72738,52,B,4,3,AC BE,YES,173
4.72758,52,B,2,3,AC BE,YES,174
4.76032,53,B,0,3,AC BE,YES,175
4.76032,53,B,1,3,AC BE,YES,175
4.76032,53,B,2,3,AC BE,YES,175
4.76032,53,B,3,3,AC BE,YES,175
4.76061,53,B,4,3,AC BE,YES,176
4.79387,54,P,0,3,AC BE,YES,177
4.79387,54,P,1,3,AC BE,YES,177
4.79387,54,P,3,3,AC BE,YES,177
4.79387,54,P,4,3,AC BE,YES,177
4.79387,54,P,5,3,AC BE,YES,177
4.79387,54,P,6,3,AC BE,YES,177
4.79387,54,P,7,3,AC BE,YES,177
4.79387,54,P,10,3,AC BE,YES,177
4.79387,54,P,11,3,AC BE,YES,177
4.79387,54,P,12,3,AC BE,YES,177
4.79387,54,P,13,3,AC BE,YES,177
4.79387,54,P,14,3,AC BE,YES,177
4.79387,54,P,15,3,AC BE,YES,177
4.79387,54,P,16,3,AC BE,YES,177
4.79387,54,P,18,3,AC BE,YES,177
4.79387,54,P,19,3,AC BE,YES,177
4.79387,54,P,21,3,AC BE,YES,177
4.79387,54,P,23,3,AC BE,YES,177
4.79387,54,P,24,3,AC BE,YES,177
4.79387,54,P,25,3,AC BE,YES,177
4.79387,54,P,27,3,AC BE,YES,177
4.79426,54,P,8,3,AC BE,YES,178
4.79426,54,P,26,3,AC BE,YES,178
4.79426,54,P,29,3,AC BE,YES,178
4.79462,54,P,17,3,AC BE,YES,179
4.79462,54,P,20,3,AC BE,YES,179
4.79462,54,P,22,3,AC BE,YES,179
4.7949,54,P,2,3,AC BE,YES,180
4.7949,54,P,9,3,AC BE,YES,180
4.7949,54,P,28,3,AC BE,YES,180
4.82608,55,B,0,3,AC BE,YES,181
4.8263,55,B,2,3,AC BE,YES,182
4.8263,55,B,3,3,AC BE,YES,182
4.8263,55,B,4,3,AC BE,YES,182
4.82658,55,B,1,3,AC BE,YES,183
4.85908,56,B,0,3,AC BE,YES,184
4.85929,56,B,1,3,AC BE,YES,185
4.85929,56,B,2,3,AC BE,YES,185
4.85929,56,B,3,3,AC BE,YES,185
4.85969,56,B,4,3,AC BE,YES,186
4.89208,57,P,0,3,AC BE,YES,187
4.89253,57,P,1,3,AC BE,YES,188
4.89253,57,P,3,3,AC BE,YES,188
4.89253,57,P,6,3,AC BE,YES,188
4.89253,57,P,8,3,AC BE,YES,188
4.89253,57,P,9,3,AC BE,YES,188
4.89253,57,P,10,3,AC BE,YES,188
4.89253,57,P,11,3,AC BE,YES,188
4.89253,57,P,13,3,AC BE,YES,188
4.89253,57,P,14,3,AC BE,YES,188
4.89253,57,P,15,3,AC BE,YES,188
4.89253,57,P,16,3,AC BE,YES,188
4.89253,57,P,17,3,AC BE,YES,188
4.89253,57,P,18,3,AC BE,YES,188
4.89308,57,P,4,3,AC BE,YES,189
4.89308,57,P,12,3,AC BE,YES,189
4.89308,57,P,20,3,AC BE,YES,189
4.89308,57,P,21,3,AC BE,YES,189
4.89308,57,P,23,3,AC BE,YES,189
4.89308,57,P,25,3,AC BE,YES,189
4.89308,57,P,28,3,AC BE,YES,189
4.89308,57,P,29,3,AC BE,YES,189
4.89342,57,P,5,3,AC BE,YES,190
4.89342,57,P,7,3,AC BE,YES,190
4.89342,57,P,19,3,AC BE,YES,190
4.89342,57,P,26,3,AC BE,YES,190
4.89342,57,P,27,3,AC BE,YES,190
4.89369,57,P,2,3,AC BE,YES,191
4.89369,57,P,24,3,AC BE,YES,191
4.89389,57,P,22,3,AC BE,YES,192
4.92508,58,B,0,3,AC BE,YES,193
4.92541,58,B,2,3,AC BE,YES,194
4.92541,58,B,4,3,AC BE,YES,194
4.92571,58,B,1,3,AC BE,YES,195
4.92672,58,B,3,3,AC BE,YES,196
4.95873,59,P,0,3,AC BE,YES,197
4.95873,59,P,1,3,AC BE,YES,197
4.95873,59,P,2,3,AC BE,YES,197
4.95873,59,P,3,3,AC BE,YES,197
4.95873,59,P,4,3,AC BE,YES,197
4.95873,59,P,5,3,AC BE,YES,197
4.95873,59,P,7,3,AC BE,YES,197
4.95873,59,P,8,3,AC BE,YES,197
4.95873,59,P,9,3,AC BE,YES,197
4.95873,59,P,11,3,AC BE,YES,197
4.95873,59,P,12,3,AC BE,YES,197
4.95873,59,P,14,3,AC BE,YES,197
4.95873,59,P,15,3,AC BE,YES,197
4.95873,59,P,17,3,AC BE,YES,197
4.95873,59,P,20,3,AC BE,YES,197
4.95873,59,P,21,3,AC BE,YES,197
4.95873,59,P,22,3,AC BE,YES,197
4.95873,59,P,23,3,AC BE,YES,197
4.95873,59,P,24,3,AC BE,YES,197
4.95873,59,P,25,3,AC BE,YES,197
4.95909,59,P,6,3,AC BE,YES,198
4.95909,59,P,18,3,AC BE,YES,198
4.95909,59,P,19,3,AC BE,YES,198
4.95909,59,P,26,3,AC BE,YES,198
4.95909,59,P,28,3,AC BE,YES,198
4.95947,59,P,10,3,AC BE,YES,199
4.95947,59,P,13,3,AC BE,YES,199
4.95947,59,P,27,3,AC BE,YES,199
4.95947,59,P,29,3,AC BE,YES,199
4.95977,59,P,16,3,AC BE,YES,200
4.99149,60,I,0,7,AC VO,YES,201
4.99149,60,I,1,7,AC VO,YES,201
4.99149,60,I,2,7,AC VO,YES,201
4.99149,60,I,3,7,AC VO,YES,201
4.99149,60,I,4,7,AC VO,YES,201
4.99149,60,I,7,7,AC VO,YES,201
4.99149,60,I,8,7,AC VO,YES,201
4.99149,60,I,9,7,AC VO,YES,201
4.99149,60,I,11,7,AC VO,YES,201
4.99149,60,I,13,7,AC VO,YES,201
4.99149,60,I,14,7,AC VO,YES,201
4.99149,60,I,15,7,AC VO,YES,201
4.99225,60,I,6,7,AC VO,YES,202
4.99225,60,I,12,7,AC VO,YES,202
4.99225,60,I,16,7,AC VO,YES,202
4.99225,60,I,17,7,AC VO,YES,202
4.99225,60,I,19,7,AC VO,YES,202
4.99225,60,I,20,7,AC VO,YES,202
4.99225,60,I,22,7,AC VO,YES,202
4.99225,60,I,23,7,AC VO,YES,202
4.99225,60,I,24,7,AC VO,YES,202
4.99225,60,I,25,7,AC VO,YES,202
4.99225,60,I,26,7,AC VO,YES,202
4.99225,60,I,27,7,AC VO,YES,202
4.99225,60,I,32,7,AC VO,YES,202
4.99225,60,I,34,7,AC VO,YES,202
4.99225,60,I,35,7,AC VO,YES,202
4.99225,60,I,37,7,AC VO,YES,202
4.99225,60,I,40,7,AC VO,YES,202
4.99225,60,I,41,7,AC VO,YES,202
4.99225,60,I,43,7,AC VO,YES,202
4.99225,60,I,45,7,AC VO,YES,202
4.99225,60,I,47,7,AC VO,YES,202
4.99225,60,I,48,7,AC VO,YES,202
4.99266,60,I,5,7,AC VO,YES,203
4.99266,60,I,10,7,AC VO,YES,203
4.99266,60,I,18,7,AC VO,YES,203
4.99266,60,I,21,7,AC VO,YES,203
4.99266,60,I,28,7,AC VO,YES,203
4.99266,60,I,29,7,AC VO,YES,203
4.99266,60,I,30,7,AC VO,YES,203
4.99266,60,I,33,7,AC VO,YES,203
4.99266,60,I,36,7,AC VO,YES,203
4.99266,60,I,38,7,AC VO,YES,203
4.99266,60,I,39,7,AC VO,YES,203
4.99266,60,I,42,7,AC VO,YES,203
4.99266,60,I,46,7,AC VO,YES,203
4.99266,60,I,49,7,AC VO,YES,203
4.99285,60,I,31,7,AC VO,YES,204
4.99301,60,I,44,7,AC VO,YES,205
5.02566,61,B,2,3,AC BE,YES,206
5.02566,61,B,3,3,AC BE,YES,206
5.02566,61,B,4,3,AC BE,YES,206
5.02592,61,B,0,3,AC BE,YES,207
5.02592,61,B,1,3,AC BE,YES,207
5.05733,62,B,0,3,AC BE,YES,208
5.05733,62,B,1,3,AC BE,YES,208
5.05733,62,B,2,3,AC BE,YES,208
5.05733,62,B,3,3,AC BE,YES,208
5.05875,62,B,4,3,AC BE,YES,209
5.09008,63,P,0,3,AC BE,YES,210
5.09071,63,P,1,3,AC BE,YES,211
5.09071,63,P,2,3,AC BE,YES,211
5.09071,63,P,3,3,AC BE,YES,211
5.09071,63,P,4,3,AC BE,YES,211
5.09071,63,P,5,3,AC BE,YES,211
5.09071,63,P,6,3,AC BE,YES,211
5.09071,63,P,7,3,AC BE,YES,211
5.09071,63,P,12,3,AC BE,YES,211
5.09071,63,P,14,3,AC BE,YES,211
5.09071,63,P,15,3,AC BE,YES,211
5.09071,63,P,16,3,AC BE,YES,211
5.09071,63,P,17,3,AC BE,YES,211
5.09071,63,P,18,3,AC BE,YES,211
5.09071,63,P,20,3,AC BE,YES,211
5.09071,63,P,22,3,AC BE,YES,211
5.09071,63,P,23,3,AC BE,YES,211
5.0912,63,P,8,3,AC BE,YES,212
5.0912,63,P,10,3,AC BE,YES,212
5.0912,63,P,11,3,AC BE,YES,212
5.0912,63,P,19,3,AC BE,YES,212
5.0912,63,P,21,3,AC BE,YES,212
5.0912,63,P,25,3,AC BE,YES,212
5.0912,63,P,26,3,AC BE,YES,212
5.0912,63,P,27,3,AC BE,YES,212
5.0912,63,P,29,3,AC BE,YES,212
5.09144,63,P,9,3,AC BE,YES,213
5.09144,63,P,13,3,AC BE,YES,213
5.09144,63,P,24,3,AC BE,YES,213
5.09171,63,P,28,3,AC BE,YES,214
5.12307,64,B,0,3,AC BE,YES,215
5.12336,64,B,1,3,AC BE,YES,216
5.12336,64,B,2,3,AC BE,YES,216
5.12336,64,B,3,3,AC BE,YES,216
5.12336,64,B,4,3,AC BE,YES,216
5.15608,65,B,0,3,AC BE,YES,217
5.15633,65,B,2,3,AC BE,YES,218
5.15633,65,B,3,3,AC BE,YES,218
5.15633,65,B,4,3,AC BE,YES,218
5.15661,65,B,1,3,AC BE,YES,219
5.18907,66,P,0,3,AC BE,YES,220
5.18978,66,P,3,3,AC BE,YES,221
5.18978,66,P,4,3,AC BE,YES,221
5.18978,66,P,5,3,AC BE,YES,221
5.18978,66,P,6,3,AC BE,YES,221
5.18978,66,P,7,3,AC BE,YES,221
5.18978,66,P,10,3,AC BE,YES,221
5.18978,66,P,11,3,AC BE,YES,221
5.18978,66,P,12,3,AC BE,YES,221
5.18978,66,P,13,3,AC BE,YES,221
5.18978,66,P,14,3,AC BE,YES,221
5.18978,66,P,16,3,AC BE,YES,221
5.18978,66,P,17,3,AC BE,YES,221
5.18978,66,P,19,3,AC BE,YES,221
5.18978,66,P,20,3,AC BE,YES,221
5.18978,66,P,21,3,AC BE,YES,221
5.18978,66,P,22,3,AC BE,YES,221
5.18978,66,P,23,3,AC BE,YES,221
5.18978,66,P,25,3,AC BE,YES,221
5.18978,66,P,26,3,AC BE,YES,221
5.18978,66,P,27,3,AC BE,YES,221
5.19017,66,P,2,3,AC BE,YES,222
5.19017,66,P,8,3,AC BE,YES,222
5.19017,66,P,15,3,AC BE,YES,222
5.19017,66,P,24,3,AC BE,YES,222
5.19017,66,P,28,3,AC BE,YES,222
5.19047,66,P,1,3,AC BE,YES,223
5.19047,66,P,9,3,AC BE,YES,223
5.19047,66,P,18,3,AC BE,YES,223
5.19069,66,P,29,3,AC BE,YES,224
5.22208,67,B,0,3,AC BE,YES,225
5.22233,67,B,2,3,AC BE,YES,226
5.22233,67,B,3,3,AC BE,YES,226
5.22262,67,B,1,3,AC BE,YES,227
5.22262,67,B,4,3,AC BE,YES,227
5.25529,68,B,0,3,AC BE,YES,228
5.25529,68,B,1,3,AC BE,YES,228
5.25529,68,B,2,3,AC BE,YES,228
5.25529,68,B,3,3,AC BE,YES,228
5.25529,68,B,4,3,AC BE,YES,228
5.28808,69,P,0,3,AC BE,YES,229
5.28869,69,P,1,3,AC BE,YES,230
5.28869,69,P,2,3,AC BE,YES,230
5.28869,69,P,3,3,AC BE,YES,230
5.28869,69,P,4,3,AC BE,YES,230
5.28869,69,P,5,3,AC BE,YES,230
5.28869,69,P,6,3,AC BE,YES,230
5.28869,69,P,7,3,AC BE,YES,230
5.28869,69,P,9,3,AC BE,YES,230
5.28869,69,P,10,3,AC BE,YES,230
5.28869,69,P,11,3,AC BE,YES,230
5.28869,69,P,12,3,AC BE,YES,230
5.28869,69,P,14,3,AC BE,YES,230
5.28869,69,P,17,3,AC BE,YES,230
5.28869,69,P,18,3,AC BE,YES,230
5.28869,69,P,19,3,AC BE,YES,230
5.28869,69,P,21,3,AC BE,YES,230
5.28869,69,P,23,3,AC BE,YES,230
5.28869,69,P,24,3,AC BE,YES,230
5.28907,69,P,8,3,AC BE,YES,231
5.28907,69,P,15,3,AC BE,YES,231
5.28907,69,P,16,3,AC BE,YES,231
5.28907,69,P,22,3,AC BE,YES,231
5.28907,69,P,25,3,AC BE,YES,231
5.28907,69,P,26,3,AC BE,YES,231
5.28907,69,P,28,3,AC BE,YES,231
5.28944,69,P,13,3,AC BE,YES,232
5.28944,69,P,20,3,AC BE,YES,232
5.28944,69,P,27,3,AC BE,YES,232
5.28944,69,P,29,3,AC BE,YES,232
5.32155,70,B,0,3,AC BE,YES,233
5.32155,70,B,1,3,AC BE,YES,233
5.32155,70,B,2,3,AC BE,YES,233
5.32155,70,B,3,3,AC BE,YES,233
5.32177,70,B,4,3,AC BE,YES,234
5.35408,71,B,0,3,AC BE,YES,235
5.35438,71,B,1,3,AC BE,YES,236
5.35438,71,B,2,3,AC BE,YES,236
5.35438,71,B,3,3,AC BE,YES,236
5.35438,71,B,4,3,AC BE,YES,236
5.38707,72,P,0,3,AC BE,YES,237
5.38751,72,P,1,3,AC BE,YES,238
5.38751,72,P,4,3,AC BE,YES,238
5.38751,72,P,9,3,AC BE,YES,238
5.38751,72,P,10,3,AC BE,YES,238
5.38751,72,P,12,3,AC BE,YES,238
5.38751,72,P,13,3,AC BE,YES,238
5.38751,72,P,14,3,AC BE,YES,238
5.38751,72,P,16,3,AC BE,YES,238
5.3881,72,P,2,3,AC BE,YES,239
5.3881,72,P,3,3,AC BE,YES,239
5.3881,72,P,5,3,AC BE,YES,239
5.3881,72,P,6,3,AC BE,YES,239
5.3881,72,P,7,3,AC BE,YES,239
5.3881,72,P,11,3,AC BE,YES,239
5.3881,72,P,15,3,AC BE,YES,239
5.3881,72,P,17,3,AC BE,YES,239
5.3881,72,P,18,3,AC BE,YES,239
5.3881,72,P,20,3,AC BE,YES,239
5.3881,72,P,21,3,AC BE,YES,239
5.3881,72,P,22,3,AC BE,YES,239
5.3881,72,P,24,3,AC BE,YES,239
5.3881,72,P,25,3,AC BE,YES,239
5.3881,72,P,26,3,AC BE,YES,239
5.3881,72,P,27,3,AC BE,YES,239
5.3881,72,P,28,3,AC BE,YES,239
5.3881,72,P,29,3,AC BE,YES,239
5.38841,72,P,19,3,AC BE,YES,240
5.38864,72,P,8,3,AC BE,YES,241
5.38864,72,P,23,3,AC BE,YES,241
5.42007,73,B,0,3,AC BE,YES,242
5.42027,73,B,1,3,AC BE,YES,243
5.42027,73,B,2,3,AC BE,YES,243
5.42027,73,B,3,3,AC BE,YES,243
5.42027,73,B,4,3,AC BE,YES,243
5.45308,74,B,0,3,AC BE,YES,244
5.45333,74,B,1,3,AC BE,YES,245
5.45333,74,B,2,3,AC BE,YES,245
5.45333,74,B,3,3,AC BE,YES,245
5.45353,74,B,4,3,AC BE,YES,246
5.48608,75,P,0,3,AC BE,YES,247
5.48674,75,P,1,3,AC BE,YES,248
5.48674,75,P,2,3,AC BE,YES,248
5.48674,75,P,5,3,AC BE,YES,248
5.48674,75,P,6,3,AC BE,YES,248
5.48674,75,P,7,3,AC BE,YES,248
5.48674,75,P,11,3,AC BE,YES,248
5.48674,75,P,12,3,AC BE,YES,248
5.48674,75,P,13,3,AC BE,YES,248
5.48674,75,P,14,3,AC BE,YES,248
5.48674,75,P,15,3,AC BE,YES,248
5.48674,75,P,17,3,AC BE,YES,248
5.48674,75,P,18,3,AC BE,YES,248
5.48674,75,P,19,3,AC BE,YES,248
5.48674,75,P,20,3,AC BE,YES,248
5.48674,75,P,21,3,AC BE,YES,248
5.48674,75,P,22,3,AC BE,YES,248
5.48674,75,P,23,3,AC BE,YES,248
5.48674,75,P,24,3,AC BE,YES,248
5.48674,75,P,25,3,AC BE,YES,248
5.48674,75,P,26,3,AC BE,YES,248
5.48711,75,P,3,3,AC BE,YES,249
5.48711,75,P,4,3,AC BE,YES,249
5.48711,75,P,10,3,AC BE,YES,249
5.48711,75,P,16,3,AC BE,YES,249
5.48711,75,P,27,3,AC BE,YES,249
5.48711,75,P,28,3,AC BE,YES,249
5.48738,75,P,8,3,AC BE,YES,250
5.48738,75,P,9,3,AC BE,YES,250
5.48738,75,P,29,3,AC BE,YES,250
5.51907,76,B,0,3,AC BE,YES,251
5.5193,76,B,1,3,AC BE,YES,252
5.5193,76,B,3,3,AC BE,YES,252
5.5193,76,B,4,3,AC BE,YES,252
5.51962,76,B,2,3,AC BE,YES,253
5.55208,77,B,0,3,AC BE,YES,254
5.55234,77,B,1,3,AC BE,YES,255
5.55234,77,B,2,3,AC BE,YES,255
5.55321,77,B,3,3,AC BE,YES,256
5.5537,77,B,4,3,AC BE,YES,257
5.58585,78,P,0,3,AC BE,YES,258
5.58585,78,P,2,3,AC BE,YES,258
5.58585,78,P,3,3,AC BE,YES,258
5.58585,78,P,4,3,AC BE,YES,258
5.58585,78,P,5,3,AC BE,YES,258
5.58585,78,P,7,3,AC BE,YES,258
5.58585,78,P,8,3,AC BE,YES,258
5.58585,78,P,9,3,AC BE,YES,258
5.58585,78,P,10,3,AC BE,YES,258
5.58585,78,P,11,3,AC BE,YES,258
5.58585,78,P,12,3,AC BE,YES,258
5.58585,78,P,13,3,AC BE,YES,258
5.58585,78,P,16,3,AC BE,YES,258
5.58585,78,P,18,3,AC BE,YES,258
5.58585,78,P,19,3,AC BE,YES,258
5.58585,78,P,20,3,AC BE,YES,258
5.58635,78,P,6,3,AC BE,YES,259
5.58635,78,P,14,3,AC BE,YES,259
5.58635,78,P,17,3,AC BE,YES,259
5.58635,78,P,23,3,AC BE,YES,259
5.58635,78,P,24,3,AC BE,YES,259
5.58635,78,P,26,3,AC BE,YES,259
5.58635,78,P,28,3,AC BE,YES,259
5.58635,78,P,29,3,AC BE,YES,259
5.58674,78,P,1,3,AC BE,YES,260
5.58674,78,P,15,3,AC BE,YES,260
5.58674,78,P,21,3,AC BE,YES,260
5.58674,78,P,22,3,AC BE,YES,260
5.58706,78,P,25,3,AC BE,YES,261
5.58734,78,P,27,3,AC BE,YES,262
5.61808,79,B,0,3,AC BE,YES,263
5.61836,79,B,1,3,AC BE,YES,264
5.61836,79,B,2,3,AC BE,YES,264
5.61836,79,B,4,3,AC BE,YES,264
5.61862,79,B,3,3,AC BE,YES,265
5.65144,80,B,0,3,AC BE,YES,266
5.65144,80,B,1,3,AC BE,YES,266
5.65144,80,B,2,3,AC BE,YES,266
5.65144,80,B,3,3,AC BE,YES,266
5.65144,80,B,4,3,AC BE,YES,266
5.68496,81,P,0,3,AC BE,YES,267
5.68496,81,P,3,3,AC BE,YES,267
5.68496,81,P,4,3,AC BE,YES,267
5.68496,81,P,5,3,AC BE,YES,267
5.68496,81,P,6,3,AC BE,YES,267
5.68496,81,P,7,3,AC BE,YES,267
5.68496,81,P,8,3,AC BE,YES,267
5.68496,81,P,9,3,AC BE,YES,267
5.68496,81,P,10,3,AC BE,YES,267
5.68496,81,P,12,3,AC BE,YES,267
5.68496,81,P,13,3,AC BE,YES,267
5.68496,81,P,14,3,AC BE,YES,267
5.68496,81,P,17,3,AC BE,YES,267
5.68496,81,P,18,3,AC BE,YES,267
5.68496,81,P,19,3,AC BE,YES,267
5.68496,81,P,20,3,AC BE,YES,267
5.68496,81,P,21,3,AC BE,YES,267
5.68496,81,P,22,3,AC BE,YES,267
5.68496,81,P,25,3,AC BE,YES,267
5.68496,81,P,26,3,AC BE,YES,267
5.68496,81,P,27,3,AC BE,YES,267
5.68496,81,P,28,3,AC BE,YES,267
5.68528,81,P,1,3,AC BE,YES,268
5.68528,81,P,11,3,AC BE,YES,268
5.68528,81,P,23,3,AC BE,YES,268
5.68528,81,P,29,3,AC BE,YES,268
5.68553,81,P,15,3,AC BE,YES,269
5.68553,81,P,16,3,AC BE,YES,269
5.68583,81,P,2,3,AC BE,YES,270
5.68583,81,P,24,3,AC BE,YES,270
5.71728,82,B,0,3,AC BE,YES,271
5.71728,82,B,1,3,AC BE,YES,271
5.71754,82,B,2,3,AC BE,YES,272
5.71754,82,B,3,3,AC BE,YES,272
5.71754,82,B,4,3,AC BE,YES,272
5.75033,83,B,1,3,AC BE,YES,273
5.75033,83,B,2,3,AC BE,YES,273
5.75033,83,B,3,3,AC BE,YES,273
5.75033,83,B,4,3,AC BE,YES,273
5.75106,83,B,0,3,AC BE,YES,274
5.78308,84,P,0,3,AC BE,YES,275
5.7835,84,P,1,3,AC BE,YES,276
5.7835,84,P,2,3,AC BE,YES,276
5.7835,84,P,3,3,AC BE,YES,276
5.7835,84,P,4,3,AC BE,YES,276
5.7835,84,P,5,3,AC BE,YES,276
5.7835,84,P,6,3,AC BE,YES,276
5.7835,84,P,7,3,AC BE,YES,276
5.7835,84,P,9,3,AC BE,YES,276
5.7835,84,P,11,3,AC BE,YES,276
5.7835,84,P,12,3,AC BE,YES,276
5.7835,84,P,13,3,AC BE,YES,276
5.7835,84,P,14,3,AC BE,YES,276
5.7835,84,P,15,3,AC BE,YES,276
5.7835,84,P,16,3,AC BE,YES,276
5.78392,84,P,10,3,AC BE,YES,277
5.78392,84,P,18,3,AC BE,YES,277
5.78392,84,P,19,3,AC BE,YES,277
5.78392,84,P,20,3,AC BE,YES,277
5.78392,84,P,21,3,AC BE,YES,277
5.78392,84,P,24,3,AC BE,YES,277
5.78392,84,P,25,3,AC BE,YES,277
5.78392,84,P,26,3,AC BE,YES,277
5.78392,84,P,27,3,AC BE,YES,277
5.78392,84,P,28,3,AC BE,YES,277
5.78427,84,P,8,3,AC BE,YES,278
5.78427,84,P,17,3,AC BE,YES,278
5.78427,84,P,23,3,AC BE,YES,278
5.7846,84,P,22,3,AC BE,YES,279
5.7846,84,P,29,3,AC BE,YES,279
5.81608,85,B,0,3,AC BE,YES,280
5.81632,85,B,1,3,AC BE,YES,281
5.81632,85,B,3,3,AC BE,YES,281
5.81632,85,B,4,3,AC BE,YES,281
5.81705,85,B,2,3,AC BE,YES,282
5.84908,86,B,0,3,AC BE,YES,283
5.84928,86,B,1,3,AC BE,YES,284
5.84928,86,B,3,3,AC BE,YES,284
5.84953,86,B,2,3,AC BE,YES,285
5.84981,86,B,4,3,AC BE,YES,286
5.88207,87,P,0,3,AC BE,YES,287
5.88277,87,P,1,3,AC BE,YES,288
5.88277,87,P,2,3,AC BE,YES,288
5.88277,87,P,3,3,AC BE,YES,288
5.88277,87,P,4,3,AC BE,YES,288
5.88277,87,P,5,3,AC BE,YES,288
5.88277,87,P,6,3,AC BE,YES,288
5.88277,87,P,8,3,AC BE,YES,288
5.88277,87,P,9,3,AC BE,YES,288
5.88277,87,P,11,3,AC BE,YES,288
5.88277,87,P,14,3,AC BE,YES,288
5.88277,87,P,15,3,AC BE,YES,288
5.88277,87,P,17,3,AC BE,YES,288
5.88277,87,P,18,3,AC BE,YES,288
5.88277,87,P,20,3,AC BE,YES,288
5.88277,87,P,21,3,AC BE,YES,288
5.88277,87,P,22,3,AC BE,YES,288
5.88277,87,P,24,3,AC BE,YES,288
5.8832,87,P,7,3,AC BE,YES,289
5.8832,87,P,10,3,AC BE,YES,289
5.8832,87,P,12,3,AC BE,YES,289
5.8832,87,P,13,3,AC BE,YES,289
5.8832,87,P,16,3,AC BE,YES,289
5.8832,87,P,19,3,AC BE,YES,289
5.8832,87,P,25,3,AC BE,YES,289
5.8832,87,P,26,3,AC BE,YES,289
5.8832,87,P,29,3,AC BE,YES,289
5.88345,87,P,23,3,AC BE,YES,290
5.88345,87,P,27,3,AC BE,YES,290
5.88377,87,P,28,3,AC BE,YES,291
5.91508,88,B,0,3,AC BE,YES,292
5.91531,88,B,3,3,AC BE,YES,293
5.91531,88,B,4,3,AC BE,YES,293
5.91556,88,B,1,3,AC BE,YES,294
5.9163,88,B,2,3,AC BE,YES,295
5.9484,89,B,0,3,AC BE,YES,296
5.9484,89,B,4,3,AC BE,YES,296
5.94862,89,B,1,3,AC BE,YES,297
5.94862,89,B,3,3,AC BE,YES,297
5.94935,89,B,2,3,AC BE,YES,298
5.98184,90,P,1,3,AC BE,YES,299
5.98184,90,P,2,3,AC BE,YES,299
5.98184,90,P,4,3,AC BE,YES,299
5.98184,90,P,7,3,AC BE,YES,299
5.98184,90,P,10,3,AC BE,YES,299
5.98184,90,P,11,3,AC BE,YES,299
5.98184,90,P,13,3,AC BE,YES,299
5.98184,90,P,16,3,AC BE,YES,299
5.98184,90,P,18,3,AC BE,YES,299
5.98184,90,P,19,3,AC BE,YES,299
5.98184,90,P,20,3,AC BE,YES,299
5.98184,90,P,21,3,AC BE,YES,299
5.98184,90,P,22,3,AC BE,YES,299
5.98184,90,P,23,3,AC BE,YES,299
5.98184,90,P,24,3,AC BE,YES,299
5.98184,90,P,26,3,AC BE,YES,299
5.98184,90,P,27,3,AC BE,YES,299
5.98184,90,P,28,3,AC BE,YES,299
5.98227,90,P,0,3,AC BE,YES,300
5.98227,90,P,3,3,AC BE,YES,300
5.98227,90,P,5,3,AC BE,YES,300
5.98227,90,P,8,3,AC BE,YES,300
5.98227,90,P,15,3,AC BE,YES,300
5.98227,90,P,25,3,AC BE,YES,300
5.98263,90,P,12,3,AC BE,YES,301
5.98263,90,P,14,3,AC BE,YES,301
5.98263,90,P,17,3,AC BE,YES,301
5.98263,90,P,29,3,AC BE,YES,301
5.98294,90,P,9,3,AC BE,YES,302
5.98335,90,P,6,3,AC BE,YES,303
6.0143,91,B,0,3,AC BE,YES,304
6.0143,91,B,1,3,AC BE,YES,304
6.0143,91,B,2,3,AC BE,YES,304
6.0143,91,B,4,3,AC BE,YES,304
6.01487,91,B,3,3,AC BE,YES,305
6.04708,92,B,0,3,AC BE,YES,306
6.04736,92,B,2,3,AC BE,YES,307
6.04736,92,B,3,3,AC BE,YES,307
6.04965,92,B,1,3,AC BE,YES,308
6.05134,92,B,4,3,AC BE,YES,309
6.08008,93,P,0,3,AC BE,YES,310
6.08063,93,P,1,3,AC BE,YES,311
6.08063,93,P,2,3,AC BE,YES,311
6.08063,93,P,5,3,AC BE,YES,311
6.08063,93,P,7,3,AC BE,YES,311
6.08063,93,P,8,3,AC BE,YES,311
6.08063,93,P,9,3,AC BE,YES,311
6.08063,93,P,11,3,AC BE,YES,311
6.08063,93,P,12,3,AC BE,YES,311
6.08063,93,P,14,3,AC BE,YES,311
6.08063,93,P,15,3,AC BE,YES,311
6.08063,93,P,16,3,AC BE,YES,311
6.08063,93,P,19,3,AC BE,YES,311
6.08063,93,P,20,3,AC BE,YES,311
6.08063,93,P,22,3,AC BE,YES,311
6.08105,93,P,4,3,AC BE,YES,312
6.08105,93,P,10,3,AC BE,YES,312
6.08105,93,P,13,3,AC BE,YES,312
6.08105,93,P,17,3,AC BE,YES,312
6.08105,93,P,18,3,AC BE,YES,312
6.08105,93,P,23,3,AC BE,YES,312
6.08105,93,P,24,3,AC BE,YES,312
6.08105,93,P,25,3,AC BE,YES,312
6.08105,93,P,27,3,AC BE,YES,312
6.08105,93,P,28,3,AC BE,YES,312
6.08133,93,P,3,3,AC BE,YES,313
6.08133,93,P,26,3,AC BE,YES,313
6.08158,93,P,6,3,AC BE,YES,314
6.08181,93,P,21,3,AC BE,YES,315
6.08181,93,P,29,3,AC BE,YES,315
6.11307,94,B,0,3,AC BE,YES,316
6.11332,94,B,2,3,AC BE,YES,317
6.11332,94,B,3,3,AC BE,YES,317
6.11408,94,B,1,3,AC BE,YES,318
6.11439,94,B,4,3,AC BE,YES,319
6.14608,95,B,0,3,AC BE,YES,320
6.14635,95,B,1,3,AC BE,YES,321
6.14635,95,B,2,3,AC BE,YES,321
6.14635,95,B,3,3,AC BE,YES,321
6.14635,95,B,4,3,AC BE,YES,321
6.17908,96,P,0,3,AC BE,YES,322
6.17974,96,P,1,3,AC BE,YES,323
6.17974,96,P,2,3,AC BE,YES,323
6.17974,96,P,4,3,AC BE,YES,323
6.17974,96,P,5,3,AC BE,YES,323
6.17974,96,P,6,3,AC BE,YES,323
6.17974,96,P,7,3,AC BE,YES,323
6.17974,96,P,8,3,AC BE,YES,323
6.17974,96,P,10,3,AC BE,YES,323
6.17974,96,P,11,3,AC BE,YES,323
6.17974,96,P,13,3,AC BE,YES,323
6.17974,96,P,14,3,AC BE,YES,323
6.17974,96,P,15,3,AC BE,YES,323
6.17974,96,P,16,3,AC BE,YES,323
6.17974,96,P,18,3,AC BE,YES,323
6.17974,96,P,20,3,AC BE,YES,323
6.17974,96,P,21,3,AC BE,YES,323
6.17974,96,P,22,3,AC BE,YES,323
6.17974,96,P,23,3,AC BE,YES,323
6.17974,96,P,24,3,AC BE,YES,323
6.17974,96,P,25,3,AC BE,YES,323
6.17974,96,P,26,3,AC BE,YES,323
6.18017,96,P,9,3,AC BE,YES,324
6.18017,96,P,12,3,AC BE,YES,324
6.18017,96,P,17,3,AC BE,YES,324
6.18017,96,P,19,3,AC BE,YES,324
6.18017,96,P,27,3,AC BE,YES,324
6.18049,96,P,28,3,AC BE,YES,325
6.18049,96,P,29,3,AC BE,YES,325
6.1808,96,P,3,3,AC BE,YES,326
6.21208,97,B,0,3,AC BE,YES,327
6.2123,97,B,1,3,AC BE,YES,328
6.2123,97,B,2,3,AC BE,YES,328
6.2123,97,B,3,3,AC BE,YES,328
6.2123,97,B,4,3,AC BE,YES,328
6.24545,98,B,0,3,AC BE,YES,329
6.24545,98,B,1,3,AC BE,YES,329
6.24545,98,B,2,3,AC BE,YES,329
6.24545,98,B,3,3,AC BE,YES,329
6.24545,98,B,4,3,AC BE,YES,329
6.2787,99,P,0,3,AC BE,YES,330
6.2787,99,P,1,3,AC BE,YES,330
6.2787,99,P,2,3,AC BE,YES,330
6.2787,99,P,3,3,AC BE,YES,330
6.2787,99,P,6,3,AC BE,YES,330
6.2787,99,P,7,3,AC BE,YES,330
6.2787,99,P,8,3,AC BE,YES,330
6.2787,99,P,9,3,AC BE,YES,330
6.2787,99,P,10,3,AC BE,YES,330
6.2787,99,P,11,3,AC BE,YES,330
6.2787,99,P,13,3,AC BE,YES,330
6.2787,99,P,14,3,AC BE,YES,330
6.2787,99,P,15,3,AC BE,YES,330
6.2787,99,P,16,3,AC BE,YES,330
6.2787,99,P,19,3,AC BE,YES,330
6.2787,99,P,20,3,AC BE,YES,330
6.2787,99,P,21,3,AC BE,YES,330
6.2787,99,P,22,3,AC BE,YES,330
6.2787,99,P,23,3,AC BE,YES,330
6.2787,99,P,24,3,AC BE,YES,330
6.27914,99,P,4,3,AC BE,YES,331
6.27914,99,P,5,3,AC BE,YES,331
6.27914,99,P,12,3,AC BE,YES,331
6.27914,99,P,25,3,AC BE,YES,331
6.27914,99,P,28,3,AC BE,YES,331
6.27914,99,P,29,3,AC BE,YES,331
6.27952,99,P,17,3,AC BE,YES,332
6.27952,99,P,26,3,AC BE,YES,332
6.28034,99,P,18,3,AC BE,YES,333
6.28034,99,P,27,3,AC BE,YES,333
6.31108,100,B,0,3,AC BE,YES,334
6.31132,100,B,2,3,AC BE,YES,335
6.31132,100,B,3,3,AC BE,YES,335
6.31202,100,B,1,3,AC BE,YES,336
6.31202,100,B,4,3,AC BE,YES,336
6.34451,101,B,1,3,AC BE,YES,337
6.34451,101,B,3,3,AC BE,YES,337
6.34451,101,B,4,3,AC BE,YES,337
6.34479,101,B,2,3,AC BE,YES,338
6.34529,101,B,0,3,AC BE,YES,339
6.37707,102,P,0,3,AC BE,YES,340
6.37766,102,P,1,3,AC BE,YES,341
6.37766,102,P,4,3,AC BE,YES,341
6.37766,102,P,5,3,AC BE,YES,341
6.37766,102,P,7,3,AC BE,YES,341
6.37766,102,P,8,3,AC BE,YES,341
6.37766,102,P,10,3,AC BE,YES,341
6.37766,102,P,11,3,AC BE,YES,341
6.37766,102,P,12,3,AC BE,YES,341
6.37766,102,P,13,3,AC BE,YES,341
6.37766,102,P,14,3,AC BE,YES,341
6.37766,102,P,16,3,AC BE,YES,341
6.37766,102,P,18,3,AC BE,YES,341
6.37766,102,P,20,3,AC BE,YES,341
6.37766,102,P,21,3,AC BE,YES,341
6.37766,102,P,22,3,AC BE,YES,341
6.37766,102,P,23,3,AC BE,YES,341
6.37813,102,P,6,3,AC BE,YES,342
6.37813,102,P,9,3,AC BE,YES,342
6.37813,102,P,15,3,AC BE,YES,342
6.37813,102,P,17,3,AC BE,YES,342
6.37813,102,P,19,3,AC BE,YES,342
6.37813,102,P,25,3,AC BE,YES,342
6.37813,102,P,26,3,AC BE,YES,342
6.37813,102,P,27,3,AC BE,YES,342
6.37847,102,P,2,3,AC BE,YES,343
6.37847,102,P,24,3,AC BE,YES,343
6.37847,102,P,29,3,AC BE,YES,343
6.3788,102,P,3,3,AC BE,YES,344
6.3788,102,P,28,3,AC BE,YES,344
6.41007,103,B,0,3,AC BE,YES,345
6.41029,103,B,1,3,AC BE,YES,346
6.41029,103,B,2,3,AC BE,YES,346
6.41029,103,B,4,3,AC BE,YES,346
6.41049,103,B,3,3,AC BE,YES,347
6.44307,104,B,0,3,AC BE,YES,348
6.44334,104,B,1,3,AC BE,YES,349
6.44334,104,B,2,3,AC BE,YES,349
6.44334,104,B,3,3,AC BE,YES,349
6.44363,104,B,4,3,AC BE,YES,350
6.47608,105,P,0,3,AC BE,YES,351
6.47679,105,P,1,3,AC BE,YES,352
6.47679,105,P,2,3,AC BE,YES,352
6.47679,105,P,4,3,AC BE,YES,352
6.47679,105,P,6,3,AC BE,YES,352
6.47679,105,P,9,3,AC BE,YES,352
6.47679,105,P,10,3,AC BE,YES,352
6.47679,105,P,13,3,AC BE,YES,352
6.47679,105,P,14,3,AC BE,YES,352
6.47679,105,P,15,3,AC BE,YES,352
6.47679,105,P,16,3,AC BE,YES,352
6.47679,105,P,18,3,AC BE,YES,352
6.47679,105,P,19,3,AC BE,YES,352
6.47679,105,P,24,3,AC BE,YES,352
6.47679,105,P,25,3,AC BE,YES,352
6.47679,105,P,26,3,AC BE,YES,352
6.47679,105,P,27,3,AC BE,YES,352
6.47679,105,P,28,3,AC BE,YES,352
6.47729,105,P,7,3,AC BE,YES,353
6.47729,105,P,12,3,AC BE,YES,353
6.47729,105,P,20,3,AC BE,YES,353
6.47729,105,P,21,3,AC BE,YES,353
6.47729,105,P,22,3,AC BE,YES,353
6.47729,105,P,23,3,AC BE,YES,353
6.47761,105,P,3,3,AC BE,YES,354
6.47761,105,P,5,3,AC BE,YES,354
6.47761,105,P,8,3,AC BE,YES,354
6.47761,105,P,11,3,AC BE,YES,354
6.47761,105,P,17,3,AC BE,YES,354
6.47761,105,P,29,3,AC BE,YES,354
6.50908,106,B,0,3,AC BE,YES,355
6.50937,106,B,1,3,AC BE,YES,356
6.50937,106,B,2,3,AC BE,YES,356
6.50937,106,B,3,3,AC BE,YES,356
6.50937,106,B,4,3,AC BE,YES,356
6.54208,107,B,0,3,AC BE,YES,357
6.54228,107,B,2,3,AC BE,YES,358
6.54228,107,B,3,3,AC BE,YES,358
6.54228,107,B,4,3,AC BE,YES,358
6.54247,107,B,1,3,AC BE,YES,359
6.57578,108,P,1,3,AC BE,YES,360
6.57578,108,P,2,3,AC BE,YES,360
6.57578,108,P,3,3,AC BE,YES,360
6.57578,108,P,4,3,AC BE,YES,360
6.57578,108,P,5,3,AC BE,YES,360
6.57578,108,P,6,3,AC BE,YES,360
6.57578,108,P,7,3,AC BE,YES,360
6.57578,108,P,8,3,AC BE,YES,360
6.57578,108,P,9,3,AC BE,YES,360
6.57578,108,P,10,3,AC BE,YES,360
6.57578,108,P,11,3,AC BE,YES,360
6.57578,108,P,12,3,AC BE,YES,360
6.57578,108,P,13,3,AC BE,YES,360
6.57578,108,P,15,3,AC BE,YES,360
6.57578,108,P,17,3,AC BE,YES,360
6.57578,108,P,18,3,AC BE,YES,360
6.57578,108,P,19,3,AC BE,YES,360
6.57578,108,P,20,3,AC BE,YES,360
6.57578,108,P,21,3,AC BE,YES,360
6.57578,108,P,22,3,AC BE,YES,360
6.57578,108,P,23,3,AC BE,YES,360
6.57578,108,P,24,3,AC BE,YES,360
6.57578,108,P,25,3,AC BE,YES,360
6.57578,108,P,26,3,AC BE,YES,360
6.57578,108,P,27,3,AC BE,YES,360
6.57614,108,P,0,3,AC BE,YES,361
6.57614,108,P,14,3,AC BE,YES,361
6.57614,108,P,16,3,AC BE,YES,361
6.57614,108,P,28,3,AC BE,YES,361
6.57646,108,P,29,3,AC BE,YES,362
6.60808,109,B,0,3,AC BE,YES,363
6.60829,109,B,3,3,AC BE,YES,364
6.60861,109,B,1,3,AC BE,YES,365
6.60861,109,B,2,3,AC BE,YES,365
6.60861,109,B,4,3,AC BE,YES,365
6.64108,110,B,0,3,AC BE,YES,366
6.64133,110,B,2,3,AC BE,YES,367
6.64133,110,B,3,3,AC BE,YES,367
6.64133,110,B,4,3,AC BE,YES,367
6.64207,110,B,1,3,AC BE,YES,368
6.67408,111,P,0,3,AC BE,YES,369
6.67448,111,P,1,3,AC BE,YES,370
6.67448,111,P,2,3,AC BE,YES,370
6.67448,111,P,4,3,AC BE,YES,370
6.67448,111,P,5,3,AC BE,YES,370
6.67448,111,P,8,3,AC BE,YES,370
6.67448,111,P,9,3,AC BE,YES,370
6.67448,111,P,11,3,AC BE,YES,370
6.67448,111,P,12,3,AC BE,YES,370
6.67448,111,P,13,3,AC BE,YES,370
6.67448,111,P,14,3,AC BE,YES,370
6.67448,111,P,15,3,AC BE,YES,370
6.67505,111,P,3,3,AC BE,YES,371
6.67505,111,P,6,3,AC BE,YES,371
6.67505,111,P,7,3,AC BE,YES,371
6.67505,111,P,10,3,AC BE,YES,371
6.67505,111,P,17,3,AC BE,YES,371
6.67505,111,P,18,3,AC BE,YES,371
6.67505,111,P,20,3,AC BE,YES,371
6.67505,111,P,21,3,AC BE,YES,371
6.67505,111,P,23,3,AC BE,YES,371
6.67505,111,P,25,3,AC BE,YES,371
6.67505,111,P,26,3,AC BE,YES,371
6.67505,111,P,27,3,AC BE,YES,371
6.67543,111,P,16,3,AC BE,YES,372
6.67543,111,P,19,3,AC BE,YES,372
6.67543,111,P,22,3,AC BE,YES,372
6.67543,111,P,29,3,AC BE,YES,372
6.67573,111,P,24,3,AC BE,YES,373
6.67573,111,P,28,3,AC BE,YES,373
6.70741,112,B,0,3,AC BE,YES,374
6.70741,112,B,2,3,AC BE,YES,374
6.70741,112,B,3,3,AC BE,YES,374
6.70741,112,B,4,3,AC BE,YES,374
6.70814,112,B,1,3,AC BE,YES,375
6.74007,113,B,0,3,AC BE,YES,376
6.7404,113,B,1,3,AC BE,YES,377
6.7404,113,B,2,3,AC BE,YES,377
6.7404,113,B,4,3,AC BE,YES,377
6.74062,113,B,3,3,AC BE,YES,378
6.77363,114,P,1,3,AC BE,YES,379
6.77363,114,P,2,3,AC BE,YES,379
6.77363,114,P,4,3,AC BE,YES,379
6.77363,114,P,5,3,AC BE,YES,379
6.77363,114,P,6,3,AC BE,YES,379
6.77363,114,P,7,3,AC BE,YES,379
6.77363,114,P,8,3,AC BE,YES,379
6.77363,114,P,10,3,AC BE,YES,379
6.77363,114,P,11,3,AC BE,YES,379
6.77363,114,P,13,3,AC BE,YES,379
6.77363,114,P,15,3,AC BE,YES,379
6.77363,114,P,16,3,AC BE,YES,379
6.77363,114,P,17,3,AC BE,YES,379
6.77363,114,P,19,3,AC BE,YES,379
6.77363,114,P,20,3,AC BE,YES,379
6.77363,114,P,21,3,AC BE,YES,379
6.77407,114,P,0,3,AC BE,YES,380
6.77407,114,P,9,3,AC BE,YES,380
6.77407,114,P,14,3,AC BE,YES,380
6.77407,114,P,22,3,AC BE,YES,380
6.77407,114,P,25,3,AC BE,YES,380
6.77407,114,P,26,3,AC BE,YES,380
6.77407,114,P,27,3,AC BE,YES,380
6.7744,114,P,3,3,AC BE,YES,381
6.7744,114,P,12,3,AC BE,YES,381
6.7744,114,P,18,3,AC BE,YES,381
6.7744,114,P,23,3,AC BE,YES,381
6.7744,114,P,24,3,AC BE,YES,381
6.7744,114,P,28,3,AC BE,YES,381
6.77488,114,P,29,3,AC BE,YES,382
6.80633,115,B,0,3,AC BE,YES,383
6.80633,115,B,1,3,AC BE,YES,383
6.80633,115,B,2,3,AC BE,YES,383
6.80633,115,B,3,3,AC BE,YES,383
6.80633,115,B,4,3,AC BE,YES,383
6.83907,116,B,0,3,AC BE,YES,384
6.83936,116,B,1,3,AC BE,YES,385
6.83936,116,B,3,3,AC BE,YES,385
6.83936,116,B,4,3,AC BE,YES,385
6.83965,116,B,2,3,AC BE,YES,386
6.87208,117,P,0,3,AC BE,YES,387
6.87274,117,P,1,3,AC BE,YES,388
6.87274,117,P,3,3,AC BE,YES,388
6.87274,117,P,5,3,AC BE,YES,388
6.87274,117,P,6,3,AC BE,YES,388
6.87274,117,P,7,3,AC BE,YES,388
6.87274,117,P,8,3,AC BE,YES,388
6.87274,117,P,10,3,AC BE,YES,388
6.87274,117,P,11,3,AC BE,YES,388
6.87274,117,P,12,3,AC BE,YES,388
6.87274,117,P,13,3,AC BE,YES,388
6.87274,117,P,15,3,AC BE,YES,388
6.87274,117,P,16,3,AC BE,YES,388
6.87274,117,P,17,3,AC BE,YES,388
6.87274,117,P,19,3,AC BE,YES,388
6.87274,117,P,20,3,AC BE,YES,388
6.87274,117,P,21,3,AC BE,YES,388
6.87274,117,P,22,3,AC BE,YES,388
6.87274,117,P,24,3,AC BE,YES,388
6.87274,117,P,25,3,AC BE,YES,388
6.87274,117,P,26,3,AC BE,YES,388
6.87315,117,P,2,3,AC BE,YES,389
6.87315,117,P,4,3,AC BE,YES,389
6.87315,117,P,9,3,AC BE,YES,389
6.87315,117,P,14,3,AC BE,YES,389
6.87315,117,P,18,3,AC BE,YES,389
6.87315,117,P,23,3,AC BE,YES,389
6.87315,117,P,28,3,AC BE,YES,389
6.87341,117,P,27,3,AC BE,YES,390
6.87341,117,P,29,3,AC BE,YES,390
6.90533,118,B,0,3,AC BE,YES,391
6.90533,118,B,1,3,AC BE,YES,391
6.90556,118,B,2,3,AC BE,YES,392
6.90556,118,B,3,3,AC BE,YES,392
6.90689,118,B,4,3,AC BE,YES,393
6.93808,119,P,0,3,AC BE,YES,394
6.93866,119,P,1,3,AC BE,YES,395
6.93866,119,P,3,3,AC BE,YES,395
6.93866,119,P,5,3,AC BE,YES,395
6.93866,119,P,7,3,AC BE,YES,395
6.93866,119,P,8,3,AC BE,YES,395
6.93866,119,P,9,3,AC BE,YES,395
6.93866,119,P,10,3,AC BE,YES,395
6.93866,119,P,11,3,AC BE,YES,395
6.93866,119,P,13,3,AC BE,YES,395
6.93866,119,P,14,3,AC BE,YES,395
6.93866,119,P,15,3,AC BE,YES,395
6.93866,119,P,18,3,AC BE,YES,395
6.93866,119,P,19,3,AC BE,YES,395
6.93866,119,P,20,3,AC BE,YES,395
6.93866,119,P,21,3,AC BE,YES,395
6.93866,119,P,23,3,AC BE,YES,395
6.93906,119,P,2,3,AC BE,YES,396
6.93906,119,P,12,3,AC BE,YES,396
6.93906,119,P,22,3,AC BE,YES,396
6.93906,119,P,24,3,AC BE,YES,396
6.93906,119,P,25,3,AC BE,YES,396
6.93906,119,P,26,3,AC BE,YES,396
6.93906,119,P,27,3,AC BE,YES,396
6.93906,119,P,28,3,AC BE,YES,396
6.93906,119,P,29,3,AC BE,YES,396
6.93943,119,P,4,3,AC BE,YES,397
6.93943,119,P,17,3,AC BE,YES,397
6.93975,119,P,6,3,AC BE,YES,398
6.94038,119,P,16,3,AC BE,YES,399
6.97113,120,I,0,7,AC VO,YES,400
6.97113,120,I,1,7,AC VO,YES,400
6.97162,120,I,2,7,AC VO,YES,401
6.97162,120,I,3,7,AC VO,YES,401
6.97162,120,I,4,7,AC VO,YES,401
6.97162,120,I,5,7,AC VO,YES,401
6.97162,120,I,7,7,AC VO,YES,401
6.97162,120,I,9,7,AC VO,YES,401
6.97162,120,I,10,7,AC VO,YES,401
6.97162,120,I,11,7,AC VO,YES,401
6.97162,120,I,14,7,AC VO,YES,401
6.97162,120,I,15,7,AC VO,YES,401
6.97162,120,I,16,7,AC VO,YES,401
6.97162,120,I,17,7,AC VO,YES,401
6.97162,120,I,18,7,AC VO,YES,401
6.97162,120,I,19,7,AC VO,YES,401
6.97162,120,I,20,7,AC VO,YES,401
6.97162,120,I,21,7,AC VO,YES,401
6.97162,120,I,22,7,AC VO,YES,401
6.97226,120,I,6,7,AC VO,YES,402
6.97226,120,I,8,7,AC VO,YES,402
6.97226,120,I,23,7,AC VO,YES,402
6.97226,120,I,25,7,AC VO,YES,402
6.97226,120,I,26,7,AC VO,YES,402
6.97226,120,I,27,7,AC VO,YES,402
6.97226,120,I,28,7,AC VO,YES,402
6.97226,120,I,29,7,AC VO,YES,402
6.97226,120,I,31,7,AC VO,YES,402
6.97226,120,I,32,7,AC VO,YES,402
6.97226,120,I,33,7,AC VO,YES,402
6.97226,120,I,34,7,AC VO,YES,402
6.97226,120,I,35,7,AC VO,YES,402
6.97226,120,I,36,7,AC VO,YES,402
6.97226,120,I,37,7,AC VO,YES,402
6.97226,120,I,39,7,AC VO,YES,402
6.97226,120,I,40,7,AC VO,YES,402
6.97226,120,I,41,7,AC VO,YES,402
6.97226,120,I,43,7,AC VO,YES,402
6.97226,120,I,44,7,AC VO,YES,402
6.97226,120,I,45,7,AC VO,YES,402
6.97226,120,I,46,7,AC VO,YES,402
6.97226,120,I,48,7,AC VO,YES,402
6.97254,120,I,12,7,AC VO,YES,403
6.97254,120,I,13,7,AC VO,YES,403
6.97254,120,I,24,7,AC VO,YES,403
6.97254,120,I,38,7,AC VO,YES,403
6.97254,120,I,42,7,AC VO,YES,403
6.97274,120,I,30,7,AC VO,YES,404
6.97274,120,I,47,7,AC VO,YES,404
6.97274,120,I,49,7,AC VO,YES,404
7.00445,121,B,1,3,AC BE,YES,405
7.00445,121,B,3,3,AC BE,YES,405
7.00445,121,B,4,3,AC BE,YES,405
7.00473,121,B,0,3,AC BE,YES,406
7.00473,121,B,2,3,AC BE,YES,406
7.03708,122,B,0,3,AC BE,YES,407
7.03741,122,B,1,3,AC BE,YES,408
7.03741,122,B,4,3,AC BE,YES,408
7.03771,122,B,2,3,AC BE,YES,409
7.03771,122,B,3,3,AC BE,YES,409
7.07007,123,P,0,3,AC BE,YES,410
7.07073,123,P,1,3,AC BE,YES,411
7.07073,123,P,2,3,AC BE,YES,411
7.07073,123,P,3,3,AC BE,YES,411
7.07073,123,P,4,3,AC BE,YES,411
7.07073,123,P,6,3,AC BE,YES,411
7.07073,123,P,7,3,AC BE,YES,411
7.07073,123,P,8,3,AC BE,YES,411
7.07073,123,P,9,3,AC BE,YES,411
7.07073,123,P,10,3,AC BE,YES,411
7.07073,123,P,11,3,AC BE,YES,411
7.07073,123,P,13,3,AC BE,YES,411
7.07073,123,P,15,3,AC BE,YES,411
7.07073,123,P,16,3,AC BE,YES,411
7.07073,123,P,17,3,AC BE,YES,411
7.07073,123,P,18,3,AC BE,YES,411
7.07073,123,P,19,3,AC BE,YES,411
7.07073,123,P,22,3,AC BE,YES,411
7.07073,123,P,23,3,AC BE,YES,411
7.07073,123,P,25,3,AC BE,YES,411
7.07073,123,P,26,3,AC BE,YES,411
7.07108,123,P,12,3,AC BE,YES,412
7.07108,123,P,14,3,AC BE,YES,412
7.07108,123,P,20,3,AC BE,YES,412
7.07108,123,P,21,3,AC BE,YES,412
7.07108,123,P,24,3,AC BE,YES,412
7.07108,123,P,28,3,AC BE,YES,412
7.07135,123,P,5,3,AC BE,YES,413
7.07135,123,P,27,3,AC BE,YES,413
7.07135,123,P,29,3,AC BE,YES,413
7.1033,124,B,1,3,AC BE,YES,414
7.1033,124,B,3,3,AC BE,YES,414
7.10362,124,B,0,3,AC BE,YES,415
7.10362,124,B,4,3,AC BE,YES,415
7.10381,124,B,2,3,AC BE,YES,416
7.13694,125,B,1,3,AC BE,YES,417
7.13694,125,B,2,3,AC BE,YES,417
7.13694,125,B,3,3,AC BE,YES,417
7.13694,125,B,4,3,AC BE,YES,417
7.13713,125,B,0,3,AC BE,YES,418
7.16908,126,P,0,3,AC BE,YES,419
7.16974,126,P,1,3,AC BE,YES,420
7.16974,126,P,3,3,AC BE,YES,420
7.16974,126,P,6,3,AC BE,YES,420
7.16974,126,P,7,3,AC BE,YES,420
7.16974,126,P,9,3,AC BE,YES,420
7.16974,126,P,10,3,AC BE,YES,420
7.16974,126,P,11,3,AC BE,YES,420
7.16974,126,P,15,3,AC BE,YES,420
7.16974,126,P,16,3,AC BE,YES,420
7.16974,126,P,18,3,AC BE,YES,420
7.16974,126,P,22,3,AC BE,YES,420
7.16974,126,P,24,3,AC BE,YES,420
7.17023,126,P,2,3,AC BE,YES,421
7.17023,126,P,4,3,AC BE,YES,421
7.17023,126,P,5,3,AC BE,YES,421
7.17023,126,P,8,3,AC BE,YES,421
7.17023,126,P,12,3,AC BE,YES,421
7.17023,126,P,13,3,AC BE,YES,421
7.17023,126,P,14,3,AC BE,YES,421
7.17023,126,P,17,3,AC BE,YES,421
7.17023,126,P,19,3,AC BE,YES,421
7.17023,126,P,20,3,AC BE,YES,421
7.17023,126,P,21,3,AC BE,YES,421
7.17023,126,P,23,3,AC BE,YES,421
7.17023,126,P,25,3,AC BE,YES,421
7.17023,126,P,26,3,AC BE,YES,421
7.17023,126,P,27,3,AC BE,YES,421
7.17023,126,P,28,3,AC BE,YES,421
7.17045,126,P,29,3,AC BE,YES,422
7.20208,127,B,0,3,AC BE,YES,423
7.2024,127,B,1,3,AC BE,YES,424
7.2024,127,B,2,3,AC BE,YES,424
7.2024,127,B,3,3,AC BE,YES,424
7.20293,127,B,4,3,AC BE,YES,425
7.23508,128,B,0,3,AC BE,YES,426
7.23541,128,B,1,3,AC BE,YES,427
7.23541,128,B,3,3,AC BE,YES,427
7.23541,128,B,4,3,AC BE,YES,427
7.23595,128,B,2,3,AC BE,YES,428
7.26808,129,P,0,3,AC BE,YES,429
7.26868,129,P,1,3,AC BE,YES,430
7.26868,129,P,4,3,AC BE,YES,430
7.26868,129,P,5,3,AC BE,YES,430
7.26868,129,P,6,3,AC BE,YES,430
7.26868,129,P,7,3,AC BE,YES,430
7.26868,129,P,8,3,AC BE,YES,430
7.26868,129,P,9,3,AC BE,YES,430
7.26868,129,P,11,3,AC BE,YES,430
7.26868,129,P,12,3,AC BE,YES,430
7.26868,129,P,13,3,AC BE,YES,430
7.26868,129,P,14,3,AC BE,YES,430
7.26868,129,P,15,3,AC BE,YES,430
7.26868,129,P,16,3,AC BE,YES,430
7.26868,129,P,17,3,AC BE,YES,430
7.26868,129,P,18,3,AC BE,YES,430
7.26868,129,P,19,3,AC BE,YES,430
7.26868,129,P,20,3,AC BE,YES,430
7.26868,129,P,22,3,AC BE,YES,430
7.26908,129,P,2,3,AC BE,YES,431
7.26908,129,P,3,3,AC BE,YES,431
7.26908,129,P,10,3,AC BE,YES,431
7.26908,129,P,21,3,AC BE,YES,431
7.26908,129,P,24,3,AC BE,YES,431
7.26908,129,P,25,3,AC BE,YES,431
7.26908,129,P,27,3,AC BE,YES,431
7.26946,129,P,23,3,AC BE,YES,432
7.26946,129,P,26,3,AC BE,YES,432
7.26946,129,P,28,3,AC BE,YES,432
7.26973,129,P,29,3,AC BE,YES,433
7.30156,130,B,1,3,AC BE,YES,434
7.30186,130,B,0,3,AC BE,YES,435
7.30186,130,B,2,3,AC BE,YES,435
7.30186,130,B,3,3,AC BE,YES,435
7.30186,130,B,4,3,AC BE,YES,435
7.33408,131,B,0,3,AC BE,YES,436
7.33441,131,B,3,3,AC BE,YES,437
7.33441,131,B,4,3,AC BE,YES,437
7.33538,131,B,1,3,AC BE,YES,438
7.33538,131,B,2,3,AC BE,YES,438
7.36708,132,P,0,3,AC BE,YES,439
7.36764,132,P,1,3,AC BE,YES,440
7.36764,132,P,2,3,AC BE,YES,440
7.36764,132,P,5,3,AC BE,YES,440
7.36764,132,P,7,3,AC BE,YES,440
7.36764,132,P,8,3,AC BE,YES,440
7.36764,132,P,11,3,AC BE,YES,440
7.36764,132,P,12,3,AC BE,YES,440
7.36764,132,P,13,3,AC BE,YES,440
7.36764,132,P,14,3,AC BE,YES,440
7.36764,132,P,15,3,AC BE,YES,440
7.36764,132,P,17,3,AC BE,YES,440
7.36764,132,P,20,3,AC BE,YES,440
7.36764,132,P,22,3,AC BE,YES,440
7.36812,132,P,3,3,AC BE,YES,441
7.36812,132,P,6,3,AC BE,YES,441
7.36812,132,P,16,3,AC BE,YES,441
7.36812,132,P,18,3,AC BE,YES,441
7.36812,132,P,19,3,AC BE,YES,441
7.36812,132,P,21,3,AC BE,YES,441
7.36812,132,P,27,3,AC BE,YES,441
7.36812,132,P,28,3,AC BE,YES,441
7.36851,132,P,4,3,AC BE,YES,442
7.36851,132,P,23,3,AC BE,YES,442
7.36851,132,P,24,3,AC BE,YES,442
7.36851,132,P,25,3,AC BE,YES,442
7.36851,132,P,26,3,AC BE,YES,442
7.36851,132,P,29,3,AC BE,YES,442
7.36925,132,P,9,3,AC BE,YES,443
7.36925,132,P,10,3,AC BE,YES,443
7.40007,133,B,0,3,AC BE,YES,444
7.40029,133,B,1,3,AC BE,YES,445
7.40029,133,B,2,3,AC BE,YES,445
7.40029,133,B,3,3,AC BE,YES,445
7.40061,133,B,4,3,AC BE,YES,446
7.43345,134,B,0,3,AC BE,YES,447
7.43345,134,B,1,3,AC BE,YES,447
7.43345,134,B,2,3,AC BE,YES,447
7.43345,134,B,3,3,AC BE,YES,447
7.43371,134,B,4,3,AC BE,YES,448
7.46607,135,P,0,3,AC BE,YES,449
7.46645,135,P,1,3,AC BE,YES,450
7.46645,135,P,2,3,AC BE,YES,450
7.46645,135,P,3,3,AC BE,YES,450
7.46645,135,P,4,3,AC BE,YES,450
7.46645,135,P,6,3,AC BE,YES,450
7.46645,135,P,7,3,AC BE,YES,450
7.46645,135,P,8,3,AC BE,YES,450
7.46645,135,P,10,3,AC BE,YES,450
7.46645,135,P,11,3,AC BE,YES,450
7.46645,135,P,13,3,AC BE,YES,450
7.46703,135,P,9,3,AC BE,YES,451
7.46703,135,P,12,3,AC BE,YES,451
7.46703,135,P,14,3,AC BE,YES,451
7.46703,135,P,16,3,AC BE,YES,451
7.46703,135,P,17,3,AC BE,YES,451
7.46703,135,P,19,3,AC BE,YES,451
7.46703,135,P,20,3,AC BE,YES,451
7.46703,135,P,21,3,AC BE,YES,451
7.46703,135,P,22,3,AC BE,YES,451
7.46703,135,P,23,3,AC BE,YES,451
7.46703,135,P,24,3,AC BE,YES,451
7.46703,135,P,26,3,AC BE,YES,451
7.46703,135,P,27,3,AC BE,YES,451
7.46703,135,P,28,3,AC BE,YES,451
7.46703,135,P,29,3,AC BE,YES,451
7.46731,135,P,5,3,AC BE,YES,452
7.46731,135,P,15,3,AC BE,YES,452
7.46756,135,P,18,3,AC BE,YES,453
7.46756,135,P,25,3,AC BE,YES,453
7.49908,136,B,0,3,AC BE,YES,454
7.49936,136,B,2,3,AC BE,YES,455
7.49936,136,B,3,3,AC BE,YES,455
7.4996,136,B,1,3,AC BE,YES,456
7.4996,136,B,4,3,AC BE,YES,456
7.53208,137,B,0,3,AC BE,YES,457
7.53234,137,B,1,3,AC BE,YES,458
7.53234,137,B,3,3,AC BE,YES,458
7.53234,137,B,4,3,AC BE,YES,458
7.53253,137,B,2,3,AC BE,YES,459
7.56508,138,P,0,3,AC BE,YES,460
7.56579,138,P,1,3,AC BE,YES,461
7.56579,138,P,3,3,AC BE,YES,461
7.56579,138,P,4,3,AC BE,YES,461
7.56579,138,P,6,3,AC BE,YES,461
7.56579,138,P,8,3,AC BE,YES,461
7.56579,138,P,9,3,AC BE,YES,461
7.56579,138,P,10,3,AC BE,YES,461
7.56579,138,P,11,3,AC BE,YES,461
7.56579,138,P,16,3,AC BE,YES,461
7.56579,138,P,18,3,AC BE,YES,461
7.56579,138,P,19,3,AC BE,YES,461
7.56579,138,P,21,3,AC BE,YES,461
7.56579,138,P,23,3,AC BE,YES,461
7.56579,138,P,24,3,AC BE,YES,461
7.56579,138,P,25,3,AC BE,YES,461
7.56579,138,P,26,3,AC BE,YES,461
7.56579,138,P,27,3,AC BE,YES,461
7.56579,138,P,28,3,AC BE,YES,461
7.56624,138,P,5,3,AC BE,YES,462
7.56624,138,P,7,3,AC BE,YES,462
7.56624,138,P,12,3,AC BE,YES,462
7.56624,138,P,13,3,AC BE,YES,462
7.56624,138,P,17,3,AC BE,YES,462
7.56624,138,P,20,3,AC BE,YES,462
7.56624,138,P,22,3,AC BE,YES,462
7.56658,138,P,2,3,AC BE,YES,463
7.56658,138,P,14,3,AC BE,YES,463
7.56658,138,P,15,3,AC BE,YES,463
7.5672,138,P,29,3,AC BE,YES,464
7.59852,139,B,0,3,AC BE,YES,465
7.59852,139,B,1,3,AC BE,YES,465
7.59852,139,B,3,3,AC BE,YES,465
7.59876,139,B,2,3,AC BE,YES,466
7.59876,139,B,4,3,AC BE,YES,466
7.63141,140,B,0,3,AC BE,YES,467
7.63141,140,B,1,3,AC BE,YES,467
7.63141,140,B,3,3,AC BE,YES,467
7.63141,140,B,4,3,AC BE,YES,467
7.63173,140,B,2,3,AC BE,YES,468
7.66465,141,P,0,3,AC BE,YES,469
7.66465,141,P,1,3,AC BE,YES,469
7.66465,141,P,2,3,AC BE,YES,469
7.66465,141,P,4,3,AC BE,YES,469
7.66465,141,P,5,3,AC BE,YES,469
7.66465,141,P,6,3,AC BE,YES,469
7.66465,141,P,7,3,AC BE,YES,469
7.66465,141,P,9,3,AC BE,YES,469
7.66465,141,P,10,3,AC BE,YES,469
7.66465,141,P,11,3,AC BE,YES,469
7.66465,141,P,13,3,AC BE,YES,469
7.66465,141,P,14,3,AC BE,YES,469
7.66465,141,P,15,3,AC BE,YES,469
7.66465,141,P,17,3,AC BE,YES,469
7.66465,141,P,18,3,AC BE,YES,469
7.66465,141,P,19,3,AC BE,YES,469
7.66465,141,P,21,3,AC BE,YES,469
7.66465,141,P,22,3,AC BE,YES,469
7.66508,141,P,3,3,AC BE,YES,470
7.66508,141,P,8,3,AC BE,YES,470
7.66508,141,P,12,3,AC BE,YES,470
7.66508,141,P,16,3,AC BE,YES,470
7.66508,141,P,20,3,AC BE,YES,470
7.66508,141,P,23,3,AC BE,YES,470
7.66508,141,P,24,3,AC BE,YES,470
7.66508,141,P,26,3,AC BE,YES,470
7.66508,141,P,27,3,AC BE,YES,470
7.66508,141,P,28,3,AC BE,YES,470
7.66508,141,P,29,3,AC BE,YES,470
7.66544,141,P,25,3,AC BE,YES,471
7.69738,142,B,1,3,AC BE,YES,472
7.69738,142,B,4,3,AC BE,YES,472
7.69769,142,B,0,3,AC BE,YES,473
7.698,142,B,2,3,AC BE,YES,474
7.698,142,B,3,3,AC BE,YES,474
7.73051,143,B,0,3,AC BE,YES,475
7.73051,143,B,2,3,AC BE,YES,475
7.73051,143,B,3,3,AC BE,YES,475
7.73051,143,B,4,3,AC BE,YES,475
7.73074,143,B,1,3,AC BE,YES,476
7.76308,144,P,0,3,AC BE,YES,477
7.76345,144,P,1,3,AC BE,YES,478
7.76345,144,P,2,3,AC BE,YES,478
7.76345,144,P,3,3,AC BE,YES,478
7.76345,144,P,4,3,AC BE,YES,478
7.76345,144,P,5,3,AC BE,YES,478
7.76345,144,P,6,3,AC BE,YES,478
7.76345,144,P,8,3,AC BE,YES,478
7.76345,144,P,9,3,AC BE,YES,478
7.76345,144,P,12,3,AC BE,YES,478
7.76345,144,P,13,3,AC BE,YES,478
7.76345,144,P,14,3,AC BE,YES,478
7.76345,144,P,15,3,AC BE,YES,478
7.76394,144,P,10,3,AC BE,YES,479
7.76394,144,P,11,3,AC BE,YES,479
7.76394,144,P,16,3,AC BE,YES,479
7.76394,144,P,17,3,AC BE,YES,479
7.76394,144,P,20,3,AC BE,YES,479
7.76394,144,P,21,3,AC BE,YES,479
7.76394,144,P,22,3,AC BE,YES,479
7.76394,144,P,23,3,AC BE,YES,479
7.76394,144,P,24,3,AC BE,YES,479
7.76394,144,P,26,3,AC BE,YES,479
7.76394,144,P,27,3,AC BE,YES,479
7.76394,144,P,28,3,AC BE,YES,479
7.76426,144,P,7,3,AC BE,YES,480
7.76426,144,P,18,3,AC BE,YES,480
7.76426,144,P,19,3,AC BE,YES,480
7.76457,144,P,29,3,AC BE,YES,481
7.7656,144,P,25,3,AC BE,YES,482
7.79607,145,B,0,3,AC BE,YES,483
7.79635,145,B,1,3,AC BE,YES,484
7.79635,145,B,2,3,AC BE,YES,484
7.79635,145,B,3,3,AC BE,YES,484
7.79703,145,B,4,3,AC BE,YES,485
7.82908,146,B,0,3,AC BE,YES,486
7.82936,146,B,2,3,AC BE,YES,487
7.82967,146,B,3,3,AC BE,YES,488
7.82967,146,B,4,3,AC BE,YES,488
7.83078,146,B,1,3,AC BE,YES,489
7.86249,147,P,0,3,AC BE,YES,490
7.86249,147,P,2,3,AC BE,YES,490
7.86249,147,P,3,3,AC BE,YES,490
7.86249,147,P,4,3,AC BE,YES,490
7.86249,147,P,5,3,AC BE,YES,490
7.86249,147,P,10,3,AC BE,YES,490
7.86249,147,P,12,3,AC BE,YES,490
7.86249,147,P,13,3,AC BE,YES,490
7.86249,147,P,14,3,AC BE,YES,490
7.86249,147,P,16,3,AC BE,YES,490
7.86299,147,P,15,3,AC BE,YES,491
7.86299,147,P,18,3,AC BE,YES,491
7.86299,147,P,19,3,AC BE,YES,491
7.86299,147,P,20,3,AC BE,YES,491
7.86299,147,P,21,3,AC BE,YES,491
7.86299,147,P,22,3,AC BE,YES,491
7.86299,147,P,23,3,AC BE,YES,491
7.86299,147,P,26,3,AC BE,YES,491
7.86299,147,P,27,3,AC BE,YES,491
7.86299,147,P,28,3,AC BE,YES,491
7.86299,147,P,29,3,AC BE,YES,491
7.86339,147,P,8,3,AC BE,YES,492
7.86339,147,P,11,3,AC BE,YES,492
7.86339,147,P,17,3,AC BE,YES,492
7.86339,147,P,25,3,AC BE,YES,492
7.86367,147,P,1,3,AC BE,YES,493
7.86367,147,P,6,3,AC BE,YES,493
7.86367,147,P,24,3,AC BE,YES,493
7.86398,147,P,7,3,AC BE,YES,494
7.86398,147,P,9,3,AC BE,YES,494
7.89553,148,B,1,3,AC BE,YES,495
7.89553,148,B,3,3,AC BE,YES,495
7.89583,148,B,0,3,AC BE,YES,496
7.89583,148,B,2,3,AC BE,YES,496
7.89583,148,B,4,3,AC BE,YES,496
7.92842,149,B,0,3,AC BE,YES,497
7.92842,149,B,1,3,AC BE,YES,497
7.92842,149,B,3,3,AC BE,YES,497
7.92869,149,B,2,3,AC BE,YES,498
7.92929,149,B,4,3,AC BE,YES,499
7.96108,150,P,0,3,AC BE,YES,500
7.96158,150,P,1,3,AC BE,YES,501
7.96158,150,P,3,3,AC BE,YES,501
7.96158,150,P,5,3,AC BE,YES,501
7.96158,150,P,7,3,AC BE,YES,501
7.96158,150,P,8,3,AC BE,YES,501
7.96158,150,P,9,3,AC BE,YES,501
7.96158,150,P,12,3,AC BE,YES,501
7.96158,150,P,14,3,AC BE,YES,501
7.96158,150,P,16,3,AC BE,YES,501
7.96158,150,P,17,3,AC BE,YES,501
7.96158,150,P,18,3,AC BE,YES,501
7.96158,150,P,19,3,AC BE,YES,501
7.96213,150,P,2,3,AC BE,YES,502
7.96213,150,P,4,3,AC BE,YES,502
7.96213,150,P,6,3,AC BE,YES,502
7.96213,150,P,11,3,AC BE,YES,502
7.96213,150,P,13,3,AC BE,YES,502
7.96213,150,P,15,3,AC BE,YES,502
7.96213,150,P,20,3,AC BE,YES,502
7.96213,150,P,21,3,AC BE,YES,502
7.96213,150,P,22,3,AC BE,YES,502
7.96213,150,P,24,3,AC BE,YES,502
7.96213,150,P,25,3,AC BE,YES,502
7.96213,150,P,26,3,AC BE,YES,502
7.96213,150,P,27,3,AC BE,YES,502
7.96213,150,P,29,3,AC BE,YES,502
7.96242,150,P,10,3,AC BE,YES,503
7.96242,150,P,23,3,AC BE,YES,503
7.96242,150,P,28,3,AC BE,YES,503
7.99521,151,B,1,3,AC BE,YES,504
7.99521,151,B,2,3,AC BE,YES,504
7.99554,151,B,3,3,AC BE,YES,505
7.99581,151,B,0,3,AC BE,YES,506
7.99581,151,B,4,3,AC BE,YES,506
8.02756,152,B,0,3,AC BE,YES,507
8.02756,152,B,1,3,AC BE,YES,507
8.02756,152,B,2,3,AC BE,YES,507
8.0278,152,B,3,3,AC BE,YES,508
8.02867,152,B,4,3,AC BE,YES,509
8.06088,153,P,0,3,AC BE,YES,510
8.06088,153,P,1,3,AC BE,YES,510
8.06088,153,P,2,3,AC BE,YES,510
8.06088,153,P,3,3,AC BE,YES,510
8.06088,153,P,4,3,AC BE,YES,510
8.06088,153,P,6,3,AC BE,YES,510
8.06088,153,P,7,3,AC BE,YES,510
8.06088,153,P,8,3,AC BE,YES,510
8.06088,153,P,10,3,AC BE,YES,510
8.06088,153,P,16,3,AC BE,YES,510
8.06088,153,P,17,3,AC BE,YES,510
8.06088,153,P,20,3,AC BE,YES,510
8.06088,153,P,21,3,AC BE,YES,510
8.06088,153,P,22,3,AC BE,YES,510
8.06088,153,P,24,3,AC BE,YES,510
8.06088,153,P,25,3,AC BE,YES,510
8.06088,153,P,26,3,AC BE,YES,510
8.06088,153,P,27,3,AC BE,YES,510
8.06088,153,P,29,3,AC BE,YES,510
8.06125,153,P,5,3,AC BE,YES,511
8.06125,153,P,9,3,AC BE,YES,511
8.06125,153,P,11,3,AC BE,YES,511
8.06125,153,P,12,3,AC BE,YES,511
8.06125,153,P,13,3,AC BE,YES,511
8.06125,153,P,14,3,AC BE,YES,511
8.06125,153,P,23,3,AC BE,YES,511
8.06125,153,P,28,3,AC BE,YES,511
8.06158,153,P,15,3,AC BE,YES,512
8.06185,153,P,18,3,AC BE,YES,513
8.06245,153,P,19,3,AC BE,YES,514
8.09308,154,B,0,3,AC BE,YES,515
8.09332,154,B,4,3,AC BE,YES,516
8.0936,154,B,3,3,AC BE,YES,517
8.0939,154,B,1,3,AC BE,YES,518
8.0939,154,B,2,3,AC BE,YES,518
8.12608,155,B,0,3,AC BE,YES,519
8.12635,155,B,2,3,AC BE,YES,520
8.1266,155,B,1,3,AC BE,YES,521
8.1266,155,B,4,3,AC BE,YES,521
8.12682,155,B,3,3,AC BE,YES,522
8.15907,156,P,0,3,AC BE,YES,523
8.15958,156,P,1,3,AC BE,YES,524
8.15958,156,P,2,3,AC BE,YES,524
8.15958,156,P,3,3,AC BE,YES,524
8.15958,156,P,5,3,AC BE,YES,524
8.15958,156,P,6,3,AC BE,YES,524
8.15958,156,P,7,3,AC BE,YES,524
8.15958,156,P,8,3,AC BE,YES,524
8.15958,156,P,9,3,AC BE,YES,524
8.15958,156,P,12,3,AC BE,YES,524
8.15958,156,P,13,3,AC BE,YES,524
8.15958,156,P,14,3,AC BE,YES,524
8.15958,156,P,18,3,AC BE,YES,524
8.15958,156,P,19,3,AC BE,YES,524
8.15958,156,P,20,3,AC BE,YES,524
8.16007,156,P,4,3,AC BE,YES,525
8.16007,156,P,10,3,AC BE,YES,525
8.16007,156,P,11,3,AC BE,YES,525
8.16007,156,P,15,3,AC BE,YES,525
8.16007,156,P,17,3,AC BE,YES,525
8.16007,156,P,21,3,AC BE,YES,525
8.16007,156,P,22,3,AC BE,YES,525
8.16007,156,P,23,3,AC BE,YES,525
8.16007,156,P,25,3,AC BE,YES,525
8.16007,156,P,26,3,AC BE,YES,525
8.16007,156,P,27,3,AC BE,YES,525
8.16007,156,P,29,3,AC BE,YES,525
8.16035,156,P,24,3,AC BE,YES,526
8.16035,156,P,28,3,AC BE,YES,526
8.16094,156,P,16,3,AC BE,YES,527
8.19208,157,B,0,3,AC BE,YES,528
8.19239,157,B,1,3,AC BE,YES,529
8.19239,157,B,2,3,AC BE,YES,529
8.19239,157,B,4,3,AC BE,YES,529
8.19265,157,B,3,3,AC BE,YES,530
8.22508,158,B,0,3,AC BE,YES,531
8.22588,158,B,2,3,AC BE,YES,532
8.22588,158,B,3,3,AC BE,YES,532
8.22615,158,B,4,3,AC BE,YES,533
8.22645,158,B,1,3,AC BE,YES,534
8.2589,159,P,0,3,AC BE,YES,535
8.2589,159,P,1,3,AC BE,YES,535
8.2589,159,P,2,3,AC BE,YES,535
8.2589,159,P,3,3,AC BE,YES,535
8.2589,159,P,5,3,AC BE,YES,535
8.2589,159,P,6,3,AC BE,YES,535
8.2589,159,P,10,3,AC BE,YES,535
8.2589,159,P,12,3,AC BE,YES,535
8.2589,159,P,13,3,AC BE,YES,535
8.2589,159,P,14,3,AC BE,YES,535
8.2589,159,P,15,3,AC BE,YES,535
8.2589,159,P,17,3,AC BE,YES,535
8.2589,159,P,18,3,AC BE,YES,535
8.2589,159,P,19,3,AC BE,YES,535
8.2589,159,P,20,3,AC BE,YES,535
8.2589,159,P,21,3,AC BE,YES,535
8.2589,159,P,22,3,AC BE,YES,535
8.2589,159,P,23,3,AC BE,YES,535
8.2589,159,P,24,3,AC BE,YES,535
8.2589,159,P,25,3,AC BE,YES,535
8.2589,159,P,27,3,AC BE,YES,535
8.2589,159,P,29,3,AC BE,YES,535
8.25934,159,P,4,3,AC BE,YES,536
8.25934,159,P,7,3,AC BE,YES,536
8.25934,159,P,9,3,AC BE,YES,536
8.25934,159,P,16,3,AC BE,YES,536
8.25934,159,P,26,3,AC BE,YES,536
8.25934,159,P,28,3,AC BE,YES,536
8.25968,159,P,8,3,AC BE,YES,537
8.25999,159,P,11,3,AC BE,YES,538
8.29107,160,B,0,3,AC BE,YES,539
8.29138,160,B,1,3,AC BE,YES,540
8.29138,160,B,2,3,AC BE,YES,540
8.29138,160,B,3,3,AC BE,YES,540
8.29138,160,B,4,3,AC BE,YES,540
8.32433,161,B,0,3,AC BE,YES,541
8.32433,161,B,1,3,AC BE,YES,541
8.32433,161,B,2,3,AC BE,YES,541
8.32458,161,B,3,3,AC BE,YES,542
8.32458,161,B,4,3,AC BE,YES,542
8.35707,162,P,0,3,AC BE,YES,543
8.35766,162,P,3,3,AC BE,YES,544
8.35766,162,P,4,3,AC BE,YES,544
8.35766,162,P,5,3,AC BE,YES,544
8.35766,162,P,7,3,AC BE,YES,544
8.35766,162,P,8,3,AC BE,YES,544
8.35766,162,P,10,3,AC BE,YES,544
8.35766,162,P,12,3,AC BE,YES,544
8.35766,162,P,13,3,AC BE,YES,544
8.35766,162,P,14,3,AC BE,YES,544
8.35766,162,P,15,3,AC BE,YES,544
8.35766,162,P,17,3,AC BE,YES,544
8.35766,162,P,18,3,AC BE,YES,544
8.35766,162,P,21,3,AC BE,YES,544
8.35766,162,P,22,3,AC BE,YES,544
8.3581,162,P,6,3,AC BE,YES,545
8.3581,162,P,9,3,AC BE,YES,545
8.3581,162,P,11,3,AC BE,YES,545
8.3581,162,P,19,3,AC BE,YES,545
8.3581,162,P,20,3,AC BE,YES,545
8.3581,162,P,23,3,AC BE,YES,545
8.3581,162,P,24,3,AC BE,YES,545
8.3581,162,P,26,3,AC BE,YES,545
8.3581,162,P,27,3,AC BE,YES,545
8.3581,162,P,28,3,AC BE,YES,545
8.3581,162,P,29,3,AC BE,YES,545
8.35841,162,P,1,3,AC BE,YES,546
8.35841,162,P,2,3,AC BE,YES,546
8.35873,162,P,16,3,AC BE,YES,547
8.35873,162,P,25,3,AC BE,YES,547
8.3904,163,B,0,3,AC BE,YES,548
8.3904,163,B,1,3,AC BE,YES,548
8.3904,163,B,2,3,AC BE,YES,548
8.3904,163,B,3,3,AC BE,YES,548
8.3907,163,B,4,3,AC BE,YES,549
8.42307,164,B,0,3,AC BE,YES,550
8.42331,164,B,1,3,AC BE,YES,551
8.42331,164,B,2,3,AC BE,YES,551
8.42331,164,B,3,3,AC BE,YES,551
8.42331,164,B,4,3,AC BE,YES,551
8.4569,165,P,0,3,AC BE,YES,552
8.4569,165,P,2,3,AC BE,YES,552
8.4569,165,P,3,3,AC BE,YES,552
8.4569,165,P,6,3,AC BE,YES,552
8.4569,165,P,7,3,AC BE,YES,552
8.4569,165,P,8,3,AC BE,YES,552
8.4569,165,P,9,3,AC BE,YES,552
8.4569,165,P,10,3,AC BE,YES,552
8.4569,165,P,11,3,AC BE,YES,552
8.4569,165,P,12,3,AC BE,YES,552
8.4569,165,P,14,3,AC BE,YES,552
8.4569,165,P,15,3,AC BE,YES,552
8.4569,165,P,17,3,AC BE,YES,552
8.4569,165,P,20,3,AC BE,YES,552
8.4569,165,P,21,3,AC BE,YES,552
8.4569,165,P,22,3,AC BE,YES,552
8.4569,165,P,23,3,AC BE,YES,552
8.4569,165,P,26,3,AC BE,YES,552
8.4569,165,P,27,3,AC BE,YES,552
8.4569,165,P,28,3,AC BE,YES,552
8.45734,165,P,13,3,AC BE,YES,553
8.45734,165,P,16,3,AC BE,YES,553
8.45734,165,P,18,3,AC BE,YES,553
8.45734,165,P,19,3,AC BE,YES,553
8.45734,165,P,24,3,AC BE,YES,553
8.45734,165,P,25,3,AC BE,YES,553
8.45734,165,P,29,3,AC BE,YES,553
8.45765,165,P,1,3,AC BE,YES,554
8.45788,165,P,4,3,AC BE,YES,555
8.45788,165,P,5,3,AC BE,YES,555
8.48908,166,B,0,3,AC BE,YES,556
8.48934,166,B,1,3,AC BE,YES,557
8.48934,166,B,2,3,AC BE,YES,557
8.4896,166,B,3,3,AC BE,YES,558
8.48984,166,B,4,3,AC BE,YES,559
8.52239,167,B,2,3,AC BE,YES,560
8.52239,167,B,4,3,AC BE,YES,560
8.52268,167,B,0,3,AC BE,YES,561
8.52268,167,B,1,3,AC BE,YES,561
8.52268,167,B,3,3,AC BE,YES,561
8.55576,168,P,0,3,AC BE,YES,562
8.55576,168,P,1,3,AC BE,YES,562
8.55576,168,P,2,3,AC BE,YES,562
8.55576,168,P,3,3,AC BE,YES,562
8.55576,168,P,6,3,AC BE,YES,562
8.55576,168,P,7,3,AC BE,YES,562
8.55576,168,P,8,3,AC BE,YES,562
8.55576,168,P,10,3,AC BE,YES,562
8.55576,168,P,12,3,AC BE,YES,562
8.55576,168,P,13,3,AC BE,YES,562
8.55576,168,P,15,3,AC BE,YES,562
8.55576,168,P,16,3,AC BE,YES,562
8.55576,168,P,18,3,AC BE,YES,562
8.55576,168,P,20,3,AC BE,YES,562
8.55576,168,P,21,3,AC BE,YES,562
8.55576,168,P,22,3,AC BE,YES,562
8.55576,168,P,23,3,AC BE,YES,562
8.55576,168,P,24,3,AC BE,YES,562
8.55576,168,P,25,3,AC BE,YES,562
8.55576,168,P,26,3,AC BE,YES,562
8.55615,168,P,4,3,AC BE,YES,563
8.55615,168,P,5,3,AC BE,YES,563
8.55615,168,P,17,3,AC BE,YES,563
8.55615,168,P,27,3,AC BE,YES,563
8.55615,168,P,28,3,AC BE,YES,563
8.55652,168,P,9,3,AC BE,YES,564
8.55652,168,P,11,3,AC BE,YES,564
8.55652,168,P,14,3,AC BE,YES,564
8.55652,168,P,19,3,AC BE,YES,564
8.55652,168,P,29,3,AC BE,YES,564
8.58848,169,B,0,3,AC BE,YES,565
8.58848,169,B,2,3,AC BE,YES,565
8.58848,169,B,3,3,AC BE,YES,565
8.58848,169,B,4,3,AC BE,YES,565
8.58874,169,B,1,3,AC BE,YES,566
8.62108,170,B,0,3,AC BE,YES,567
8.62132,170,B,1,3,AC BE,YES,568
8.62132,170,B,2,3,AC BE,YES,568
8.62132,170,B,3,3,AC BE,YES,568
8.62194,170,B,4,3,AC BE,YES,569
8.65452,171,P,0,3,AC BE,YES,570
8.65452,171,P,1,3,AC BE,YES,570
8.65452,171,P,2,3,AC BE,YES,570
8.65452,171,P,3,3,AC BE,YES,570
8.65452,171,P,4,3,AC BE,YES,570
8.65452,171,P,5,3,AC BE,YES,570
8.65452,171,P,8,3,AC BE,YES,570
8.65452,171,P,9,3,AC BE,YES,570
8.65452,171,P,15,3,AC BE,YES,570
8.65452,171,P,16,3,AC BE,YES,570
8.65452,171,P,17,3,AC BE,YES,570
8.65511,171,P,7,3,AC BE,YES,571
8.65511,171,P,12,3,AC BE,YES,571
8.65511,171,P,14,3,AC BE,YES,571
8.65511,171,P,19,3,AC BE,YES,571
8.65511,171,P,20,3,AC BE,YES,571
8.65511,171,P,22,3,AC BE,YES,571
8.65511,171,P,25,3,AC BE,YES,571
8.65511,171,P,26,3,AC BE,YES,571
8.65511,171,P,27,3,AC BE,YES,571
8.65511,171,P,28,3,AC BE,YES,571
8.65549,171,P,10,3,AC BE,YES,572
8.65549,171,P,11,3,AC BE,YES,572
8.65549,171,P,18,3,AC BE,YES,572
8.65549,171,P,24,3,AC BE,YES,572
8.65549,171,P,29,3,AC BE,YES,572
8.65587,171,P,21,3,AC BE,YES,573
8.65621,171,P,6,3,AC BE,YES,574
8.65621,171,P,23,3,AC BE,YES,574
8.65709,171,P,13,3,AC BE,YES,575
8.68748,172,B,0,3,AC BE,YES,576
8.68748,172,B,1,3,AC BE,YES,576
8.68748,172,B,2,3,AC BE,YES,576
8.68748,172,B,3,3,AC BE,YES,576
8.68748,172,B,4,3,AC BE,YES,576
8.72008,173,B,0,3,AC BE,YES,577
8.72033,173,B,1,3,AC BE,YES,578
8.72033,173,B,2,3,AC BE,YES,578
8.72033,173,B,3,3,AC BE,YES,578
8.72091,173,B,4,3,AC BE,YES,579
8.75308,174,P,0,3,AC BE,YES,580
8.7535,174,P,2,3,AC BE,YES,581
8.7535,174,P,3,3,AC BE,YES,581
8.7535,174,P,5,3,AC BE,YES,581
8.7535,174,P,6,3,AC BE,YES,581
8.7535,174,P,7,3,AC BE,YES,581
8.7535,174,P,8,3,AC BE,YES,581
8.7535,174,P,9,3,AC BE,YES,581
8.7535,174,P,10,3,AC BE,YES,581
8.7535,174,P,11,3,AC BE,YES,581
8.7535,174,P,12,3,AC BE,YES,581
8.7535,174,P,14,3,AC BE,YES,581
8.7535,174,P,15,3,AC BE,YES,581
8.75396,174,P,4,3,AC BE,YES,582
8.75396,174,P,13,3,AC BE,YES,582
8.75396,174,P,17,3,AC BE,YES,582
8.75396,174,P,19,3,AC BE,YES,582
8.75396,174,P,24,3,AC BE,YES,582
8.75396,174,P,26,3,AC BE,YES,582
8.75396,174,P,27,3,AC BE,YES,582
8.75439,174,P,16,3,AC BE,YES,583
8.75439,174,P,18,3,AC BE,YES,583
8.75439,174,P,20,3,AC BE,YES,583
8.75439,174,P,21,3,AC BE,YES,583
8.75439,174,P,25,3,AC BE,YES,583
8.75439,174,P,28,3,AC BE,YES,583
8.75439,174,P,29,3,AC BE,YES,583
8.75471,174,P,22,3,AC BE,YES,584
8.75471,174,P,23,3,AC BE,YES,584
8.75528,174,P,1,3,AC BE,YES,585
8.78607,175,B,0,3,AC BE,YES,586
8.78637,175,B,1,3,AC BE,YES,587
8.78637,175,B,2,3,AC BE,YES,587
8.78637,175,B,3,3,AC BE,YES,587
8.78711,175,B,4,3,AC BE,YES,588
8.81908,176,B,0,3,AC BE,YES,589
8.81928,176,B,1,3,AC BE,YES,590
8.81954,176,B,2,3,AC BE,YES,591
8.81954,176,B,4,3,AC BE,YES,591
8.82022,176,B,3,3,AC BE,YES,592
8.85208,177,P,0,3,AC BE,YES,593
8.85255,177,P,1,3,AC BE,YES,594
8.85255,177,P,2,3,AC BE,YES,594
8.85255,177,P,3,3,AC BE,YES,594
8.85255,177,P,4,3,AC BE,YES,594
8.85255,177,P,5,3,AC BE,YES,594
8.85255,177,P,6,3,AC BE,YES,594
8.85255,177,P,9,3,AC BE,YES,594
8.85255,177,P,10,3,AC BE,YES,594
8.85255,177,P,11,3,AC BE,YES,594
8.85255,177,P,12,3,AC BE,YES,594
8.85255,177,P,15,3,AC BE,YES,594
8.85255,177,P,16,3,AC BE,YES,594
8.85255,177,P,18,3,AC BE,YES,594
8.853,177,P,8,3,AC BE,YES,595
8.853,177,P,14,3,AC BE,YES,595
8.853,177,P,19,3,AC BE,YES,595
8.853,177,P,20,3,AC BE,YES,595
8.853,177,P,21,3,AC BE,YES,595
8.853,177,P,22,3,AC BE,YES,595
8.853,177,P,23,3,AC BE,YES,595
8.853,177,P,24,3,AC BE,YES,595
8.853,177,P,25,3,AC BE,YES,595
8.853,177,P,26,3,AC BE,YES,595
8.853,177,P,27,3,AC BE,YES,595
8.853,177,P,28,3,AC BE,YES,595
8.853,177,P,29,3,AC BE,YES,595
8.85332,177,P,7,3,AC BE,YES,596
8.85332,177,P,13,3,AC BE,YES,596
8.85332,177,P,17,3,AC BE,YES,596
8.88531,178,B,1,3,AC BE,YES,597
8.88531,178,B,3,3,AC BE,YES,597
8.88555,178,B,4,3,AC BE,YES,598
8.88587,178,B,0,3,AC BE,YES,599
8.88618,178,B,2,3,AC BE,YES,600
8.91892,179,P,2,3,AC BE,YES,601
8.91892,179,P,3,3,AC BE,YES,601
8.91892,179,P,4,3,AC BE,YES,601
8.91892,179,P,5,3,AC BE,YES,601
8.91892,179,P,6,3,AC BE,YES,601
8.91892,179,P,7,3,AC BE,YES,601
8.91892,179,P,8,3,AC BE,YES,601
8.91892,179,P,9,3,AC BE,YES,601
8.91892,179,P,10,3,AC BE,YES,601
8.91892,179,P,11,3,AC BE,YES,601
8.91892,179,P,12,3,AC BE,YES,601
8.91892,179,P,13,3,AC BE,YES,601
8.91892,179,P,16,3,AC BE,YES,601
8.91892,179,P,17,3,AC BE,YES,601
8.91892,179,P,18,3,AC BE,YES,601
8.91892,179,P,21,3,AC BE,YES,601
8.91892,179,P,23,3,AC BE,YES,601
8.91892,179,P,24,3,AC BE,YES,601
8.91892,179,P,25,3,AC BE,YES,601
8.91892,179,P,26,3,AC BE,YES,601
8.91892,179,P,28,3,AC BE,YES,601
8.91892,179,P,29,3,AC BE,YES,601
8.91935,179,P,0,3,AC BE,YES,602
8.91935,179,P,1,3,AC BE,YES,602
8.91935,179,P,14,3,AC BE,YES,602
8.91935,179,P,15,3,AC BE,YES,602
8.91935,179,P,19,3,AC BE,YES,602
8.91935,179,P,20,3,AC BE,YES,602
8.91935,179,P,22,3,AC BE,YES,602
8.91935,179,P,27,3,AC BE,YES,602
8.95107,180,I,0,7,AC VO,YES,603
8.95137,180,I,1,7,AC VO,YES,604
8.95137,180,I,3,7,AC VO,YES,604
8.95137,180,I,4,7,AC VO,YES,604
8.95137,180,I,6,7,AC VO,YES,604
8.95137,180,I,7,7,AC VO,YES,604
8.95137,180,I,8,7,AC VO,YES,604
8.95137,180,I,9,7,AC VO,YES,604
8.95137,180,I,10,7,AC VO,YES,604
8.95137,180,I,11,7,AC VO,YES,604
8.95137,180,I,12,7,AC VO,YES,604
8.9521,180,I,2,7,AC VO,YES,605
8.9521,180,I,13,7,AC VO,YES,605
8.9521,180,I,14,7,AC VO,YES,605
8.9521,180,I,15,7,AC VO,YES,605
8.9521,180,I,17,7,AC VO,YES,605
8.9521,180,I,18,7,AC VO,YES,605
8.9521,180,I,20,7,AC VO,YES,605
8.9521,180,I,21,7,AC VO,YES,605
8.9521,180,I,22,7,AC VO,YES,605
8.9521,180,I,23,7,AC VO,YES,605
8.9521,180,I,24,7,AC VO,YES,605
8.9521,180,I,25,7,AC VO,YES,605
8.9521,180,I,26,7,AC VO,YES,605
8.9521,180,I,27,7,AC VO,YES,605
8.9521,180,I,28,7,AC VO,YES,605
8.9521,180,I,29,7,AC VO,YES,605
8.9521,180,I,30,7,AC VO,YES,605
8.9521,180,I,31,7,AC VO,YES,605
8.9521,180,I,37,7,AC VO,YES,605
8.9521,180,I,39,7,AC VO,YES,605
8.9521,180,I,40,7,AC VO,YES,605
8.9521,180,I,43,7,AC VO,YES,605
8.9521,180,I,46,7,AC VO,YES,605
8.95251,180,I,5,7,AC VO,YES,606
8.95251,180,I,16,7,AC VO,YES,606
8.95251,180,I,19,7,AC VO,YES,606
8.95251,180,I,32,7,AC VO,YES,606
8.95251,180,I,33,7,AC VO,YES,606
8.95251,180,I,35,7,AC VO,YES,606
8.95251,180,I,36,7,AC VO,YES,606
8.95251,180,I,41,7,AC VO,YES,606
8.95251,180,I,42,7,AC VO,YES,606
8.95251,180,I,47,7,AC VO,YES,606
8.95251,180,I,49,7,AC VO,YES,606
8.95274,180,I,34,7,AC VO,YES,607
8.95274,180,I,38,7,AC VO,YES,607
8.95274,180,I,45,7,AC VO,YES,607
8.95293,180,I,48,7,AC VO,YES,608
8.95313,180,I,44,7,AC VO,YES,609
8.98407,181,B,0,3,AC BE,YES,610
8.98431,181,B,1,3,AC BE,YES,611
8.98431,181,B,3,3,AC BE,YES,611
8.98431,181,B,4,3,AC BE,YES,611
8.98453,181,B,2,3,AC BE,YES,612
9.01708,182,B,0,3,AC BE,YES,613
9.01931,182,B,1,3,AC BE,YES,614
9.01931,182,B,2,3,AC BE,YES,614
9.01931,182,B,3,3,AC BE,YES,614
9.01954,182,B,4,3,AC BE,YES,615
9.05096,183,P,2,3,AC BE,YES,616
9.05096,183,P,3,3,AC BE,YES,616
9.05096,183,P,5,3,AC BE,YES,616
9.05096,183,P,7,3,AC BE,YES,616
9.05096,183,P,8,3,AC BE,YES,616
9.05096,183,P,9,3,AC BE,YES,616
9.05096,183,P,10,3,AC BE,YES,616
9.05096,183,P,12,3,AC BE,YES,616
9.05096,183,P,13,3,AC BE,YES,616
9.05096,183,P,15,3,AC BE,YES,616
9.05096,183,P,18,3,AC BE,YES,616
9.05096,183,P,19,3,AC BE,YES,616
9.05096,183,P,20,3,AC BE,YES,616
9.05096,183,P,21,3,AC BE,YES,616
9.05096,183,P,22,3,AC BE,YES,616
9.05096,183,P,23,3,AC BE,YES,616
9.05096,183,P,26,3,AC BE,YES,616
9.05096,183,P,27,3,AC BE,YES,616
9.05145,183,P,4,3,AC BE,YES,617
9.05145,183,P,11,3,AC BE,YES,617
9.05145,183,P,14,3,AC BE,YES,617
9.05145,183,P,16,3,AC BE,YES,617
9.05145,183,P,17,3,AC BE,YES,617
9.05145,183,P,25,3,AC BE,YES,617
9.05174,183,P,0,3,AC BE,YES,618
9.05174,183,P,1,3,AC BE,YES,618
9.05174,183,P,6,3,AC BE,YES,618
9.05174,183,P,24,3,AC BE,YES,618
9.05174,183,P,28,3,AC BE,YES,618
9.05174,183,P,29,3,AC BE,YES,618
9.08308,184,B,0,3,AC BE,YES,619
9.08331,184,B,1,3,AC BE,YES,620
9.08331,184,B,3,3,AC BE,YES,620
9.08365,184,B,2,3,AC BE,YES,621
9.08418,184,B,4,3,AC BE,YES,622
9.11651,185,B,1,3,AC BE,YES,623
9.11651,185,B,2,3,AC BE,YES,623
9.11685,185,B,0,3,AC BE,YES,624
9.11685,185,B,3,3,AC BE,YES,624
9.11736,185,B,4,3,AC BE,YES,625
9.14907,186,P,0,3,AC BE,YES,626
9.14945,186,P,2,3,AC BE,YES,627
9.14945,186,P,3,3,AC BE,YES,627
9.14945,186,P,4,3,AC BE,YES,627
9.14945,186,P,5,3,AC BE,YES,627
9.14945,186,P,6,3,AC BE,YES,627
9.14945,186,P,7,3,AC BE,YES,627
9.14945,186,P,8,3,AC BE,YES,627
9.14945,186,P,10,3,AC BE,YES,627
9.14945,186,P,11,3,AC BE,YES,627
9.14945,186,P,12,3,AC BE,YES,627
9.14945,186,P,13,3,AC BE,YES,627
9.14994,186,P,1,3,AC BE,YES,628
9.14994,186,P,9,3,AC BE,YES,628
9.14994,186,P,15,3,AC BE,YES,628
9.14994,186,P,16,3,AC BE,YES,628
9.14994,186,P,17,3,AC BE,YES,628
9.14994,186,P,18,3,AC BE,YES,628
9.14994,186,P,19,3,AC BE,YES,628
9.14994,186,P,20,3,AC BE,YES,628
9.14994,186,P,23,3,AC BE,YES,628
9.14994,186,P,24,3,AC BE,YES,628
9.14994,186,P,25,3,AC BE,YES,628
9.14994,186,P,28,3,AC BE,YES,628
9.14994,186,P,29,3,AC BE,YES,628
9.1502,186,P,14,3,AC BE,YES,629
9.1502,186,P,21,3,AC BE,YES,629
9.1502,186,P,22,3,AC BE,YES,629
9.15053,186,P,27,3,AC BE,YES,630
9.15078,186,P,26,3,AC BE,YES,631
9.18208,187,B,0,3,AC BE,YES,632
9.1823,187,B,1,3,AC BE,YES,633
9.1823,187,B,2,3,AC BE,YES,633
9.1823,187,B,4,3,AC BE,YES,633
9.1826,187,B,3,3,AC BE,YES,634
9.21508,188,B,0,3,AC BE,YES,635
9.21533,188,B,4,3,AC BE,YES,636
9.21559,188,B,1,3,AC BE,YES,637
9.21559,188,B,2,3,AC BE,YES,637
9.21625,188,B,3,3,AC BE,YES,638
9.24808,189,P,0,3,AC BE,YES,639
9.24848,189,P,3,3,AC BE,YES,640
9.24848,189,P,4,3,AC BE,YES,640
9.24848,189,P,7,3,AC BE,YES,640
9.24848,189,P,9,3,AC BE,YES,640
9.24848,189,P,11,3,AC BE,YES,640
9.24848,189,P,12,3,AC BE,YES,640
9.24848,189,P,13,3,AC BE,YES,640
9.24848,189,P,15,3,AC BE,YES,640
9.24901,189,P,1,3,AC BE,YES,641
9.24901,189,P,2,3,AC BE,YES,641
9.24901,189,P,6,3,AC BE,YES,641
9.24901,189,P,10,3,AC BE,YES,641
9.24901,189,P,14,3,AC BE,YES,641
9.24901,189,P,17,3,AC BE,YES,641
9.24901,189,P,18,3,AC BE,YES,641
9.24901,189,P,19,3,AC BE,YES,641
9.24901,189,P,21,3,AC BE,YES,641
9.24901,189,P,22,3,AC BE,YES,641
9.24901,189,P,23,3,AC BE,YES,641
9.24901,189,P,24,3,AC BE,YES,641
9.24901,189,P,25,3,AC BE,YES,641
9.24901,189,P,26,3,AC BE,YES,641
9.24901,189,P,27,3,AC BE,YES,641
9.24901,189,P,28,3,AC BE,YES,641
9.24901,189,P,29,3,AC BE,YES,641
9.24937,189,P,5,3,AC BE,YES,642
9.24937,189,P,16,3,AC BE,YES,642
9.24937,189,P,20,3,AC BE,YES,642
9.24967,189,P,8,3,AC BE,YES,643
9.28107,190,B,0,3,AC BE,YES,644
9.2813,190,B,1,3,AC BE,YES,645
9.2813,190,B,2,3,AC BE,YES,645
9.2813,190,B,4,3,AC BE,YES,645
9.28156,190,B,3,3,AC BE,YES,646
9.31446,191,B,1,3,AC BE,YES,647
9.31478,191,B,0,3,AC BE,YES,648
9.31478,191,B,2,3,AC BE,YES,648
9.31478,191,B,3,3,AC BE,YES,648
9.3151,191,B,4,3,AC BE,YES,649
9.34746,192,P,0,3,AC BE,YES,650
9.34746,192,P,1,3,AC BE,YES,650
9.34746,192,P,2,3,AC BE,YES,650
9.34746,192,P,3,3,AC BE,YES,650
9.34746,192,P,4,3,AC BE,YES,650
9.34746,192,P,5,3,AC BE,YES,650
9.34746,192,P,6,3,AC BE,YES,650
9.34746,192,P,7,3,AC BE,YES,650
9.34746,192,P,8,3,AC BE,YES,650
9.34746,192,P,9,3,AC BE,YES,650
9.34746,192,P,11,3,AC BE,YES,650
9.34746,192,P,13,3,AC BE,YES,650
9.34746,192,P,14,3,AC BE,YES,650
9.34796,192,P,10,3,AC BE,YES,651
9.34796,192,P,12,3,AC BE,YES,651
9.34796,192,P,15,3,AC BE,YES,651
9.34796,192,P,18,3,AC BE,YES,651
9.34796,192,P,19,3,AC BE,YES,651
9.34796,192,P,20,3,AC BE,YES,651
9.34796,192,P,21,3,AC BE,YES,651
9.34796,192,P,22,3,AC BE,YES,651
9.34796,192,P,23,3,AC BE,YES,651
9.34796,192,P,24,3,AC BE,YES,651
9.34796,192,P,25,3,AC BE,YES,651
9.34796,192,P,27,3,AC BE,YES,651
9.34796,192,P,28,3,AC BE,YES,651
9.34828,192,P,17,3,AC BE,YES,652
9.34828,192,P,26,3,AC BE,YES,652
9.34858,192,P,16,3,AC BE,YES,653
9.34958,192,P,29,3,AC BE,YES,654
9.38007,193,B,0,3,AC BE,YES,655
9.38035,193,B,1,3,AC BE,YES,656
9.38035,193,B,2,3,AC BE,YES,656
9.38035,193,B,3,3,AC BE,YES,656
9.38056,193,B,4,3,AC BE,YES,657
9.41307,194,B,0,3,AC BE,YES,658
9.41331,194,B,1,3,AC BE,YES,659
9.41331,194,B,2,3,AC BE,YES,659
9.41331,194,B,3,3,AC BE,YES,659
9.41357,194,B,4,3,AC BE,YES,660
9.44608,195,P,0,3,AC BE,YES,661
9.44658,195,P,1,3,AC BE,YES,662
9.44658,195,P,2,3,AC BE,YES,662
9.44658,195,P,3,3,AC BE,YES,662
9.44658,195,P,4,3,AC BE,YES,662
9.44658,195,P,5,3,AC BE,YES,662
9.44658,195,P,6,3,AC BE,YES,662
9.44658,195,P,7,3,AC BE,YES,662
9.44658,195,P,8,3,AC BE,YES,662
9.44658,195,P,9,3,AC BE,YES,662
9.44658,195,P,11,3,AC BE,YES,662
9.44658,195,P,13,3,AC BE,YES,662
9.44658,195,P,14,3,AC BE,YES,662
9.44658,195,P,15,3,AC BE,YES,662
9.44658,195,P,16,3,AC BE,YES,662
9.44658,195,P,20,3,AC BE,YES,662
9.44705,195,P,10,3,AC BE,YES,663
9.44705,195,P,12,3,AC BE,YES,663
9.44705,195,P,18,3,AC BE,YES,663
9.44705,195,P,22,3,AC BE,YES,663
9.44705,195,P,23,3,AC BE,YES,663
9.44705,195,P,24,3,AC BE,YES,663
9.44705,195,P,26,3,AC BE,YES,663
9.44705,195,P,27,3,AC BE,YES,663
9.44705,195,P,28,3,AC BE,YES,663
9.44735,195,P,17,3,AC BE,YES,664
9.44735,195,P,19,3,AC BE,YES,664
9.44735,195,P,25,3,AC BE,YES,664
9.44735,195,P,29,3,AC BE,YES,664
9.4476,195,P,21,3,AC BE,YES,665
9.47946,196,B,0,3,AC BE,YES,666
9.47946,196,B,2,3,AC BE,YES,666
9.47946,196,B,4,3,AC BE,YES,666
9.48014,196,B,1,3,AC BE,YES,667
9.48014,196,B,3,3,AC BE,YES,667
9.51228,197,B,0,3,AC BE,YES,668
9.51228,197,B,1,3,AC BE,YES,668
9.51228,197,B,2,3,AC BE,YES,668
9.51228,197,B,3,3,AC BE,YES,668
9.51228,197,B,4,3,AC BE,YES,668
9.54565,198,P,0,3,AC BE,YES,669
9.54565,198,P,1,3,AC BE,YES,669
9.54565,198,P,3,3,AC BE,YES,669
9.54565,198,P,4,3,AC BE,YES,669
9.54565,198,P,5,3,AC BE,YES,669
9.54565,198,P,6,3,AC BE,YES,669
9.54565,198,P,8,3,AC BE,YES,669
9.54565,198,P,12,3,AC BE,YES,669
9.54565,198,P,15,3,AC BE,YES,669
9.54565,198,P,18,3,AC BE,YES,669
9.54565,198,P,19,3,AC BE,YES,669
9.54565,198,P,21,3,AC BE,YES,669
9.54565,198,P,22,3,AC BE,YES,669
9.54617,198,P,7,3,AC BE,YES,670
9.54617,198,P,9,3,AC BE,YES,670
9.54617,198,P,10,3,AC BE,YES,670
9.54617,198,P,13,3,AC BE,YES,670
9.54617,198,P,16,3,AC BE,YES,670
9.54617,198,P,17,3,AC BE,YES,670
9.54617,198,P,20,3,AC BE,YES,670
9.54617,198,P,23,3,AC BE,YES,670
9.54617,198,P,24,3,AC BE,YES,670
9.54617,198,P,25,3,AC BE,YES,670
9.54617,198,P,26,3,AC BE,YES,670
9.54617,198,P,27,3,AC BE,YES,670
9.54617,198,P,28,3,AC BE,YES,670
9.54642,198,P,2,3,AC BE,YES,671
9.54642,198,P,14,3,AC BE,YES,671
9.54674,198,P,11,3,AC BE,YES,672
9.54674,198,P,29,3,AC BE,YES,672
9.57807,199,B,0,3,AC BE,YES,673
9.57831,199,B,1,3,AC BE,YES,674
9.57831,199,B,2,3,AC BE,YES,674
9.57831,199,B,3,3,AC BE,YES,674
9.57874,199,B,4,3,AC BE,YES,675
9.61107,200,B,0,3,AC BE,YES,676
9.61132,200,B,1,3,AC BE,YES,677
9.61132,200,B,2,3,AC BE,YES,677
9.61132,200,B,3,3,AC BE,YES,677
9.61132,200,B,4,3,AC BE,YES,677
9.64408,201,P,0,3,AC BE,YES,678
9.64463,201,P,1,3,AC BE,YES,679
9.64463,201,P,2,3,AC BE,YES,679
9.64463,201,P,3,3,AC BE,YES,679
9.64463,201,P,4,3,AC BE,YES,679
9.64463,201,P,5,3,AC BE,YES,679
9.64463,201,P,7,3,AC BE,YES,679
9.64463,201,P,8,3,AC BE,YES,679
9.64463,201,P,9,3,AC BE,YES,679
9.64463,201,P,10,3,AC BE,YES,679
9.64463,201,P,11,3,AC BE,YES,679
9.64463,201,P,12,3,AC BE,YES,679
9.64463,201,P,13,3,AC BE,YES,679
9.64463,201,P,15,3,AC BE,YES,679
9.64463,201,P,16,3,AC BE,YES,679
9.64463,201,P,18,3,AC BE,YES,679
9.64463,201,P,19,3,AC BE,YES,679
9.64463,201,P,20,3,AC BE,YES,679
9.645,201,P,6,3,AC BE,YES,680
9.645,201,P,17,3,AC BE,YES,680
9.645,201,P,21,3,AC BE,YES,680
9.645,201,P,23,3,AC BE,YES,680
9.645,201,P,24,3,AC BE,YES,680
9.645,201,P,25,3,AC BE,YES,680
9.645,201,P,26,3,AC BE,YES,680
9.645,201,P,29,3,AC BE,YES,680
9.64536,201,P,22,3,AC BE,YES,681
9.64536,201,P,28,3,AC BE,YES,681
9.64557,201,P,14,3,AC BE,YES,682
9.64557,201,P,27,3,AC BE,YES,682
9.67708,202,B,0,3,AC BE,YES,683
9.6774,202,B,1,3,AC BE,YES,684
9.6774,202,B,2,3,AC BE,YES,684
9.6774,202,B,3,3,AC BE,YES,684
9.6774,202,B,4,3,AC BE,YES,684
9.71008,203,B,0,3,AC BE,YES,685
9.71035,203,B,2,3,AC BE,YES,686
9.71035,203,B,4,3,AC BE,YES,686
9.71061,203,B,1,3,AC BE,YES,687
9.71116,203,B,3,3,AC BE,YES,688
9.74357,204,P,0,3,AC BE,YES,689
9.74357,204,P,1,3,AC BE,YES,689
9.74357,204,P,4,3,AC BE,YES,689
9.74357,204,P,6,3,AC BE,YES,689
9.74357,204,P,7,3,AC BE,YES,689
9.74357,204,P,8,3,AC BE,YES,689
9.74357,204,P,9,3,AC BE,YES,689
9.74357,204,P,10,3,AC BE,YES,689
9.74357,204,P,11,3,AC BE,YES,689
9.74357,204,P,12,3,AC BE,YES,689
9.74357,204,P,13,3,AC BE,YES,689
9.74357,204,P,15,3,AC BE,YES,689
9.74357,204,P,16,3,AC BE,YES,689
9.74357,204,P,17,3,AC BE,YES,689
9.74357,204,P,19,3,AC BE,YES,689
9.74405,204,P,3,3,AC BE,YES,690
9.74405,204,P,14,3,AC BE,YES,690
9.74405,204,P,18,3,AC BE,YES,690
9.74405,204,P,20,3,AC BE,YES,690
9.74405,204,P,22,3,AC BE,YES,690
9.74405,204,P,24,3,AC BE,YES,690
9.74405,204,P,26,3,AC BE,YES,690
9.74405,204,P,27,3,AC BE,YES,690
9.74405,204,P,28,3,AC BE,YES,690
9.74446,204,P,2,3,AC BE,YES,691
9.74446,204,P,5,3,AC BE,YES,691
9.74446,204,P,21,3,AC BE,YES,691
9.74469,204,P,29,3,AC BE,YES,692
9.74491,204,P,23,3,AC BE,YES,693
9.74491,204,P,25,3,AC BE,YES,693
9.77608,205,B,0,3,AC BE,YES,694
9.77633,205,B,1,3,AC BE,YES,695
9.77633,205,B,2,3,AC BE,YES,695
9.77663,205,B,4,3,AC BE,YES,696
9.77695,205,B,3,3,AC BE,YES,697
9.80948,206,B,0,3,AC BE,YES,698
9.80948,206,B,2,3,AC BE,YES,698
9.80948,206,B,3,3,AC BE,YES,698
9.80971,206,B,1,3,AC BE,YES,699
9.80971,206,B,4,3,AC BE,YES,699
9.84293,207,P,0,3,AC BE,YES,700
9.84293,207,P,1,3,AC BE,YES,700
9.84293,207,P,3,3,AC BE,YES,700
9.84293,207,P,5,3,AC BE,YES,700
9.84293,207,P,6,3,AC BE,YES,700
9.84293,207,P,7,3,AC BE,YES,700
9.84293,207,P,10,3,AC BE,YES,700
9.84293,207,P,11,3,AC BE,YES,700
9.84293,207,P,12,3,AC BE,YES,700
9.84293,207,P,13,3,AC BE,YES,700
9.84293,207,P,15,3,AC BE,YES,700
9.84293,207,P,16,3,AC BE,YES,700
9.84293,207,P,17,3,AC BE,YES,700
9.84293,207,P,18,3,AC BE,YES,700
9.84293,207,P,19,3,AC BE,YES,700
9.84293,207,P,20,3,AC BE,YES,700
9.84293,207,P,21,3,AC BE,YES,700
9.84293,207,P,24,3,AC BE,YES,700
9.84293,207,P,25,3,AC BE,YES,700
9.84293,207,P,26,3,AC BE,YES,700
9.84293,207,P,27,3,AC BE,YES,700
9.84293,207,P,28,3,AC BE,YES,700
9.84293,207,P,29,3,AC BE,YES,700
9.84333,207,P,2,3,AC BE,YES,701
9.84333,207,P,8,3,AC BE,YES,701
9.84333,207,P,9,3,AC BE,YES,701
9.84333,207,P,14,3,AC BE,YES,701
9.84333,207,P,23,3,AC BE,YES,701
9.84359,207,P,22,3,AC BE,YES,702
9.84384,207,P,4,3,AC BE,YES,703
9.87508,208,B,0,3,AC BE,YES,704
9.87535,208,B,1,3,AC BE,YES,705
9.87535,208,B,3,3,AC BE,YES,705
9.87535,208,B,4,3,AC BE,YES,705
9.87573,208,B,2,3,AC BE,YES,706
9.90807,209,B,0,3,AC BE,YES,707
9.90828,209,B,2,3,AC BE,YES,708
9.90828,209,B,3,3,AC BE,YES,708
9.90828,209,B,4,3,AC BE,YES,708
9.90852,209,B,1,3,AC BE,YES,709
9.94144,210,P,0,3,AC BE,YES,710
9.94144,210,P,1,3,AC BE,YES,710
9.94144,210,P,3,3,AC BE,YES,710
9.94144,210,P,4,3,AC BE,YES,710
9.94144,210,P,6,3,AC BE,YES,710
9.94144,210,P,9,3,AC BE,YES,710
9.94144,210,P,10,3,AC BE,YES,710
9.94144,210,P,11,3,AC BE,YES,710
9.94144,210,P,14,3,AC BE,YES,710
9.94203,210,P,2,3,AC BE,YES,711
9.94203,210,P,5,3,AC BE,YES,711
9.94203,210,P,7,3,AC BE,YES,711
9.94203,210,P,8,3,AC BE,YES,711
9.94203,210,P,13,3,AC BE,YES,711
9.94203,210,P,15,3,AC BE,YES,711
9.94203,210,P,16,3,AC BE,YES,711
9.94203,210,P,18,3,AC BE,YES,711
9.94203,210,P,20,3,AC BE,YES,711
9.94203,210,P,21,3,AC BE,YES,711
9.94203,210,P,22,3,AC BE,YES,711
9.94203,210,P,23,3,AC BE,YES,711
9.94203,210,P,25,3,AC BE,YES,711
9.94203,210,P,26,3,AC BE,YES,711
9.94203,210,P,27,3,AC BE,YES,711
9.94203,210,P,28,3,AC BE,YES,711
9.94231,210,P,12,3,AC BE,YES,712
9.94231,210,P,17,3,AC BE,YES,712
9.94231,210,P,24,3,AC BE,YES,712
9.94231,210,P,29,3,AC BE,YES,712
9.94286,210,P,19,3,AC BE,YES,713
9.97408,211,B,0,3,AC BE,YES,714
9.97433,211,B,1,3,AC BE,YES,715
9.97433,211,B,3,3,AC BE,YES,715
9.97461,211,B,2,3,AC BE,YES,716
9.97461,211,B,4,3,AC BE,YES,716
